/*!40101 SET @OLD_CHARACTER_SET_CLIENT=@@CHARACTER_SET_CLIENT */;
/*!40101 SET NAMES utf8 */;
/*!50503 SET NAMES utf8mb4 */;
/*!40103 SET @OLD_TIME_ZONE=@@TIME_ZONE */;
/*!40103 SET TIME_ZONE='+00:00' */;
/*!40014 SET @OLD_FOREIGN_KEY_CHECKS=@@FOREIGN_KEY_CHECKS, FOREIGN_KEY_CHECKS=0 */;
/*!40101 SET @OLD_SQL_MODE=@@SQL_MODE, SQL_MODE='NO_AUTO_VALUE_ON_ZERO' */;
/*!40111 SET @OLD_SQL_NOTES=@@SQL_NOTES, SQL_NOTES=0 */;

CREATE DATABASE IF NOT EXISTS `u767676268_bimbingan` /*!40100 DEFAULT CHARACTER SET utf8mb4 COLLATE utf8mb4_unicode_ci */;
USE `u767676268_bimbingan`;

CREATE TABLE IF NOT EXISTS `dosen` (
  `id` int(11) NOT NULL AUTO_INCREMENT,
  `inisial` varchar(10) NOT NULL,
  `nama_lengkap` varchar(255) NOT NULL,
  PRIMARY KEY (`id`),
  UNIQUE KEY `inisial` (`inisial`)
) ENGINE=InnoDB AUTO_INCREMENT=9 DEFAULT CHARSET=utf8mb4 COLLATE=utf8mb4_general_ci;

DELETE FROM `dosen`;
INSERT INTO `dosen` (`id`, `inisial`, `nama_lengkap`) VALUES
	(1, 'ASR', 'Asrul Abdullah, S.Kom., M.Cs'),
	(2, 'SCP', 'Sucipto, M.Kom'),
	(3, 'BRY', 'Barry Ceasar Octariadi, S.Kom., M.Cs'),
	(4, 'SYF', 'Syf Putri Agustini Alkadri, S.T., M.Kom'),
	(5, 'ALD', 'Alda Cendekia Siregar, S.Kom., M.Cs'),
	(6, 'WHD', 'Rachmat Wahid Saleh Insani, S.Kom., M.Cs'),
	(7, 'ISTI', 'Istikoma, B.Sc., M.IT'),
	(8, 'MNR', 'Menu Wahyu Pangestika, M.Kom., P.hD');

CREATE TABLE IF NOT EXISTS `mahasiswa` (
  `nim` varchar(20) NOT NULL,
  `nama` varchar(255) NOT NULL,
  PRIMARY KEY (`nim`)
) ENGINE=InnoDB DEFAULT CHARSET=utf8mb4 COLLATE=utf8mb4_general_ci;

DELETE FROM `mahasiswa`;
INSERT INTO `mahasiswa` (`nim`, `nama`) VALUES
	('171220043', 'Muhammad Taufiq Naufal'),
	('171220065', 'Syafaat Agung Prakoso'),
	('171220133', 'Syaifullah'),
	('171220142', 'Sintiya Radiyanti'),
	('171220187', 'Unga Hasna'),
	('171220200', 'Muhammad Amin'),
	('171220201', 'Mochammmad Sofyan Yudistira'),
	('171220266', 'Nur Dzakiyyah Ajmi'),
	('171220274', 'Dirul Zidifaldi'),
	('171220282', 'Muhammad Iqbal'),
	('171220331', 'Chanry Pratama'),
	('171220349', 'Rezky Saputra'),
	('171220356', 'Muhammad Fikri Bagus Pratama'),
	('171220372', 'Rizky Wahyu Prasetiyo'),
	('171220399', 'Giraldi Agustian'),
	('171220424', 'syahrul mauludianto'),
	('171220438', 'Melvin Erika Meirani Kaunang'),
	('171220446', 'Riky Krisnanda'),
	('171220477', 'Rafi Kurnia Sandy'),
	('171220479', 'Dila Adellia'),
	('171220493', 'Eka Nur Sri Wahyuni'),
	('171220496', 'Mada Galan Laksana'),
	('171220544', 'Wiji Lestari Wiwik Wijayanti'),
	('171220556', 'Ewa Oktaviaghi Prasetya'),
	('171220567', 'Syarif Muhammad Fariz'),
	('171220578', 'Tiara Tri Anita'),
	('171220583', 'Kanthi ari widodo'),
	('171220584', 'Muhammad Afif Taqiyuddin'),
	('171220602', 'Ayu Nadila'),
	('171220603', 'Riesky'),
	('171220612', 'M.JIMI AKBAR'),
	('171220619', 'Rosa Dwi Fitriani'),
	('171220630', 'Aulia Muharni'),
	('171220651', 'Wahyu Nugroho'),
	('171220659', 'Arsita'),
	('171220661', 'Gusti Tommy Prananda'),
	('171220666', 'Agus Pribadi'),
	('171220669', 'Solijah'),
	('171220670', 'Sri Mulyani'),
	('171220672', 'Rizki Cahyadi'),
	('171220674', 'Novelya Vickye Tamara'),
	('171220676', 'Sandy Akbar'),
	('171220690', 'Rahmat Hidayat'),
	('171220705', 'Anisa Dwi Irliana'),
	('171220709', 'Ikbal Kharfi Ardiansah'),
	('171220719', 'Rusmawati'),
	('171220724', 'Shintia Wardini'),
	('171220741', 'vilvilia salim'),
	('171220748', 'Dwi Rohmat Ramadhan'),
	('171220757', 'Ria sapitri'),
	('171220767', 'Alif SyammaryHafizh'),
	('171220783', 'Asmarita'),
	('171220814', 'Isra\' Pebrianti'),
	('171220818', 'Pera'),
	('171220842', 'Tarso'),
	('171220847', 'Ervayana Sari'),
	('171220848', 'Heni Kriswanti'),
	('171220849', 'Siti Aminah'),
	('171220852', 'Jaka Corbara'),
	('171220996', 'Ferry Riniadi'),
	('171221016', 'Tengku Adriantama'),
	('171221081', 'Wawan Setiawan'),
	('171221085', 'Muhammad fathurrahman'),
	('171221086', 'Yudi Qadar Pratomo'),
	('171221087', 'ACEP SUPRIYANTO'),
	('171221089', 'Ade Abdurrasyit'),
	('171221090', 'Ricky Novendry'),
	('171221093', 'RIZKA AMALIA'),
	('171221094', 'YOSI SAPUTRA'),
	('171221095', 'Della Julvina Yani'),
	('171221096', 'Fauseh'),
	('171221099', 'Arni Yanti'),
	('171221101', 'FAJAR ANUARI'),
	('171221102', 'LIOVAN AJI AIRLANGGA'),
	('171221103', 'ENKAN FERIFERSI'),
	('171221108', 'Betty Apriliasari'),
	('171221109', 'Ilham Saputra'),
	('171221110', 'Syaibah'),
	('171221112', 'NURFAJRITA RAMADHANIAH'),
	('171221113', 'Yon Trisna Kurniawan'),
	('171221114', 'Asna Fitrianti'),
	('171221115', 'Yovi Yulindar'),
	('171221117', 'Hefni Navizah'),
	('171221120', 'DWI PUTRI ROSALINA GUSTARI'),
	('171221121', 'MI’ANDRI'),
	('171221122', 'Ade Maulana'),
	('171221124', 'MARLIA WULANDARI'),
	('171221125', 'DEDY TRIANTO'),
	('171221126', 'Inggar raya muhammad ilham utama'),
	('171221129', 'NUR SRIUTAMI'),
	('171221131', 'Ahmadi'),
	('171221132', 'Ida Ayu Rahayu Nirahim'),
	('171221133', 'Hendri'),
	('171221134', 'Omma Sariani Siregar'),
	('171221135', 'NAYUNDA PERMATASARI'),
	('171221136', 'V.Vibiola'),
	('171221137', 'TIKA INDAH PRATIWI'),
	('181220001', 'Anggun Kinasih'),
	('181220004', 'Siska'),
	('181220005', 'Rido Safaryansyah'),
	('181220008', 'AROCHMAN'),
	('181220009', 'Novianti'),
	('181220012', 'Syarifah Armita'),
	('181220015', 'muhammad raflijay farhan'),
	('181220016', 'Medi'),
	('181220017', 'Masroni'),
	('181220018', 'Cristia Sulisa Putri'),
	('181220019', 'FANDIKA ROINALDI ARFIYAN'),
	('181220020', 'Dimas Maulana Ramadhanto'),
	('181220021', 'ABANG WENDI SYAHBANI'),
	('181220022', 'Ira Wellinda'),
	('181220024', 'Wendry Eri Aswono'),
	('181220025', 'Anggi Purwanto'),
	('181220026', 'Muhammad Wahyu Aditya'),
	('181220027', 'Dony Tandean'),
	('181220028', 'ALIEF APRIANSYAH'),
	('181220032', 'Arby haryanto'),
	('181220035', 'Angga prima syahputra'),
	('181220037', 'sam junior samosir'),
	('181220038', 'Lea Candra'),
	('181220039', 'Darul Dakwatul Ihsan'),
	('181220040', 'Deden Pangestu'),
	('181220042', 'ANITA'),
	('181220044', 'Syahril Arsad'),
	('181220045', 'Rantika Yulia'),
	('181220046', 'ILHAM GUNAWAN'),
	('181220047', 'Ayu Widyawati'),
	('181220048', 'Nurpita Sari'),
	('181220049', 'Gusriansyah'),
	('181220050', 'YUDI RIZALDI'),
	('181220051', 'Isfa Nisaul Husna'),
	('181220053', 'Egy andryan'),
	('181220054', 'RENDI KURNIAWAN'),
	('181220055', 'Ya’ Ilham Eka Saputra'),
	('181220056', 'krisdianto'),
	('181220058', 'RINI SABDO NINGSIH'),
	('181220059', 'OKTAVIANI'),
	('181220060', 'Mustopa'),
	('181220061', 'Desi Fitri Wulandari'),
	('181220062', 'ferry prasetyo'),
	('181220065', 'Dedi Setiawan'),
	('181220066', 'Ilham anugrah'),
	('181220067', 'REJA SUPRIANTO'),
	('181220068', 'Amanda Amelia'),
	('181220070', 'Adinansyah'),
	('181220071', 'Iman Abdurrachman'),
	('181220073', 'Muhammad Fauzan Ramadhandi'),
	('181220074', 'FAIZAL AMIR'),
	('181220077', 'MIFTHAHUL FITRAH'),
	('181220079', 'Wahyudi Hasim'),
	('181220082', 'Ihya\' Nashirudin Abrar'),
	('181220084', 'Chairul Syafar Putra'),
	('181220085', 'Nur Rohmadhanti Widia'),
	('181220086', 'Ardika Juniar Satria'),
	('181220088', 'Anastasya Putri Sulistiyo'),
	('181220090', 'Nurviani Sari'),
	('181220091', 'Gusti Muhammad Adzaky'),
	('181220092', 'Mega Lestari'),
	('181220093', 'Try Kardina Unitama'),
	('181220094', 'Eki Komariah'),
	('181220098', 'Ahmad Haris'),
	('181220100', 'Zulmia Fatwa'),
	('181220101', 'Yesi'),
	('181220102', 'Reyhan'),
	('181220106', 'AGUS RIYANTO'),
	('181220108', 'Tri Mulyana'),
	('181220110', 'Zulfan Ahmadi'),
	('181220116', 'Fadillah bergas'),
	('181220117', 'Hafi Risandika'),
	('181220119', 'pedi irawan'),
	('181220122', 'Suci Indah Sari'),
	('182220006', 'Angga Indrasasmyta'),
	('182220107', 'Ade Zaldi Eurika Zendar'),
	('182220114', 'Agus diyansyah'),
	('182220120', 'Andalas Rivaldi Permana'),
	('191220002', 'Aji Riandi Kurniawan'),
	('191220003', 'Suherman Waluyo'),
	('191220005', 'Hermansyah'),
	('191220008', 'Sella Anggreini'),
	('191220010', 'Diva Yumara'),
	('191220015', 'Dayang Nur Kalsum'),
	('191220016', 'Anugrah Esa Putra'),
	('191220018', 'Desky Ramadhan'),
	('191220020', 'Muhammad Farchan dwimantara'),
	('191220021', 'Asni Safitri'),
	('191220022', 'Yustina Intan'),
	('191220024', 'Pirman'),
	('191220025', 'Muhammad Khadafi'),
	('191220026', 'Leonardo'),
	('191220028', 'Nova Prayoga Reynaldi'),
	('191220032', 'Ikhsanul Kamil'),
	('191220034', 'DINI'),
	('191220035', 'TRI FANDI ARIANSYAH'),
	('191220036', 'Kartika Amalia Putri'),
	('191220037', 'Hariyadi'),
	('191220039', 'Fany Fitramadhani'),
	('191220040', 'Indri Apriana'),
	('191220041', 'Verti Tamara'),
	('191220046', 'Tatan Ramadani'),
	('191220048', 'Aswat Arianto'),
	('191220049', 'AGUSTIAN'),
	('191220050', 'Anisa'),
	('191220052', 'Alvi Febrian'),
	('191220054', 'Deni'),
	('191220055', 'Fathul Hakim Nesa'),
	('191220057', 'Dedy kurniawan'),
	('191220059', 'Atta Tha Ariq'),
	('191220061', 'Maulidawati'),
	('191220062', 'Rinaldy Maundry'),
	('191220063', 'Bisma Asyari'),
	('191220064', 'Muhammad Redha Taimiyah'),
	('191220065', 'ADE MAYSA'),
	('191220066', 'Rizki Jumady Pangestu'),
	('191220069', 'Andika Muhammad  Alinafiah'),
	('191220072', 'Abimanyu Nuril Hakim'),
	('191220074', 'Sahrul Ramadhan'),
	('191220075', 'Alya Yudha Waliyatama'),
	('191220076', 'Dimmytri Maruly'),
	('191220077', 'Ifan Permama'),
	('191220078', 'Arif imaduddin'),
	('191220079', 'Seftyan Wiguna'),
	('191220080', 'Muhammad Khoir Nugraha'),
	('191220081', '	Randa Ryan Rizaldy'),
	('191220087', 'Muhammad Misbahul Elfan'),
	('191220089', 'AMALIA DINDA FEBRIANTI'),
	('192200070', 'Irwan Wiranata'),
	('192220006', 'Nidia Arumsari'),
	('192220007', 'Othman Alydrus'),
	('192220084', 'Andra Ibrahim'),
	('192220086', 'Hapidzul Nurinadi'),
	('201220003', 'Ary Setiawan'),
	('201220005', 'Herwin Rahmanda'),
	('201220006', 'kanada kurniawan'),
	('201220010', 'Dini Oktaviani'),
	('201220011', 'Cantika Wulandari'),
	('201220012', 'ROVI ROYYAN RAHMAN'),
	('201220015', 'Rabbil budiman'),
	('201220017', 'khorlis jainudin'),
	('201220018', 'Awaludin'),
	('201220020', 'Fazira Dela Nafliza'),
	('201220021', 'Muhammad Rizki Agung Fitrianto'),
	('201220024', 'RIZKI FAJAR SETYAWAN'),
	('201220025', 'Hasyim Asy\'ari'),
	('201220027', 'Diky Pratama'),
	('201220028', 'Sri Wahyuni'),
	('201220029', 'Erni Diah Susanti'),
	('201220032', 'Arif Nur Rohman'),
	('201220034', 'MUHAMAD RiZKY'),
	('201220035', 'Muhammad Hari Gunawansyah'),
	('201220036', 'Muhammad Nasim'),
	('201220039', 'Rivo Budiansyah'),
	('201220041', 'REPAN'),
	('201220043', 'Khairul'),
	('201220044', 'Vika Ummu Hani'),
	('201220045', 'Muhammad Dwi Ramadhianto'),
	('201220047', 'Reza Setya Ardha'),
	('201220049', 'URAY FEBRILIAN'),
	('201220051', 'Azrul Fathany'),
	('201220052', 'yadistira fajar ramadhan'),
	('201220053', 'kumara tofani'),
	('201220054', 'Dessemarini Dionisia'),
	('201220055', 'Fara Darniva'),
	('201220057', 'Muhammad Ari Arfandi'),
	('201220059', 'Nur Annisa Ramdhania'),
	('201220060', 'Rizky Aufa Vitasari'),
	('201220061', 'Puja Pizazora'),
	('201220063', 'Muhamad angga rizki sabima'),
	('201220065', 'Yusuf Marwan'),
	('201220066', 'R.Farras Yudritya Zikirrullah'),
	('201220067', 'CANDRA WIJAYA'),
	('201220068', 'Enkan Feny Nopitasari'),
	('201220070', 'Jamalludin'),
	('201220072', 'Utin Siti Nur Fadillah'),
	('201220075', 'Wanda Primadita Setiaji'),
	('201220081', 'Ella Muna Mardhiyyah'),
	('201220082', 'Muhammad Rafi Dwi Putra'),
	('201220084', 'HAFIZH ZIKRI'),
	('201220085', 'Sutarti Dwi Yanti'),
	('201220087', 'Sabriyanti'),
	('201220088', 'Agim Aljanata Azwar'),
	('201220090', 'Elsa Damayanti'),
	('201220091', 'Nando Fairuz Fakhrizki Ananda'),
	('201220092', 'Dicky Priam Budi'),
	('201220093', 'Rendy Renaldy'),
	('201220094', 'Arya Sukma Putra Dwika'),
	('201220095', 'IlhamMaulana'),
	('201220097', 'Arif Muhammad Daffa'),
	('201220100', 'Rizki Akbar Pratama'),
	('201220101', 'Adinda Diva Putria'),
	('201220102', 'Syarif Muhammad Azdi Razi'),
	('201220104', '	Putri Nirwana'),
	('201220105', 'M.Ziyya Elhakim'),
	('201220109', 'Pramuja Agung Wibowo'),
	('202220030', 'Rizki Kurnia Rama Fitra'),
	('202220096', 'Mirza Alfariz'),
	('202220107', 'Bayu Putra Ngudi Persada'),
	('202220108', 'Aldi Renadi'),
	('202220110', 'Gilbertus Gerry Pratama Irianto'),
	('20222098', 'Aditya Prayogi'),
	('211002256', 'Fatur Rahman'),
	('211220001', 'DEA NABELLA SEPTIANI'),
	('211220002', 'Maryogi'),
	('211220003', 'Diva Suci Kurnianti'),
	('211220004', 'Hadi Sukojo'),
	('211220005', 'ZAHID PRATAMA'),
	('211220007', 'RIZKI FAIZAL'),
	('211220009', 'Rahandyan cahyo'),
	('211220011', 'Arya pramudya'),
	('211220013', 'husnul kamilia'),
	('211220014', 'Danar Qusyairi'),
	('211220018', 'Melfin Mahyuda'),
	('211220019', 'Auliyya Rahimah'),
	('211220020', 'Ya\' Muhammad Nazar'),
	('211220021', 'Ishab mohtarrudin'),
	('211220022', 'Siti Putri Anggrayeni'),
	('211220023', 'MUSTAFA'),
	('211220025', 'Daffa Pratama'),
	('211220028', 'Sufi vanitra'),
	('211220029', 'MUHAMMAD SADDAM ULFIKRI'),
	('211220030', 'Dewi Amelia'),
	('211220031', 'Syahrul Annizam'),
	('211220032', 'Deny Saputra'),
	('211220033', 'Della Udya Khairah'),
	('211220036', 'Nur Fazilla'),
	('211220037', 'Naufal Ramadhan'),
	('211220038', 'Imam Taufiq'),
	('211220040', 'Putu Puja Diva Widiasari'),
	('211220041', 'Nurmelidia Larasati'),
	('211220042', 'Ade Anugerah'),
	('211220043', 'Raihan Anugrah Fakhri'),
	('211220045', 'Nur Rali Rahma Wati'),
	('211220046', 'Muhamad Reynaldi'),
	('211220048', 'Bagas Muhammad Auliyaul Huda'),
	('211220050', 'Wahyu'),
	('211220051', 'Iskandar Hadiatma'),
	('211220052', 'Hizrah Azhari'),
	('211220053', 'Triantara Yuni Sagita'),
	('211220054', 'Putri Nasywa Nabilla'),
	('211220057', 'Ghaliq Candri Haki'),
	('211220060', 'Muhammad Raihan Adrian'),
	('211220061', 'Putri Rizka Setiarini'),
	('211220063', 'Satya Andi Fathurrahman'),
	('211220065', 'Aditya Mafaza'),
	('211220070', 'Arjuna Tri Ananda'),
	('211220071', 'Arif Rahman'),
	('211220074', 'Ari Sena'),
	('211220075', 'Yanti Puspita Sari'),
	('211220076', 'Imanda'),
	('211220077', 'Virgilius Dalta Supris Nandigna'),
	('211220078', 'Andre Gifano'),
	('211220079', 'Rio Aji Febrian'),
	('211220080', 'Friska Dwi Choirunisa'),
	('211220081', 'Gebby Gisela'),
	('211220083', 'Muhammad Roki'),
	('211220084', 'Zuhrie Alifiansyah'),
	('211220086', 'PUTRI NABILA APRILIA'),
	('211220089', 'ANDRI SANTOSO'),
	('211220090', 'Darwiansyah'),
	('211220092', 'Muhammad Fikri Ashidiqi'),
	('211220094', 'Ezi Punazi'),
	('211220096', 'Ria Maisya Syarifah'),
	('211220100', 'Ikhsan Mauludin'),
	('211220102', 'Fhaza Zingdadil'),
	('211220103', 'TOMI'),
	('211220107', 'Herlangga'),
	('211220108', 'Roni'),
	('211220109', 'Nurul Hadi'),
	('211220111', 'Melda'),
	('211220112', 'GUSTI M RAFI RAIHAN MAHDI'),
	('211220115', 'Muhammad Faturrakhman'),
	('211220116', 'Andri Restandi'),
	('211220117', 'Aldi Juliansyah'),
	('212220024', 'Khusnul Karomah'),
	('212220066', 'Wawan Kurnawan'),
	('212220091', 'Muhammad Ghozy Alkhairi'),
	('212220105', 'Siti Amalia'),
	('212220110', 'Rahmad Muhammad Rifky'),
	('221220078', 'Sinta Rama Dani'),
	('222220030', 'Muhammad Farhan'),
	('222220051', 'Aldi Mulia Rismanto'),
	('222220052', 'Muhamad Rizal Saputra'),
	('222220059', 'Zura Permata'),
	('222220092', 'Rio Irwanto'),
	('222220108', 'Dody Setiawan'),
	('222220109', 'Boy Gautama'),
	('222220123', 'Roni Bia Santo'),
	('222220124', 'Mahmudi Febrianto'),
	('232220009', 'Imam Muktamarulhaq');

CREATE TABLE IF NOT EXISTS `skripsi` (
  `id` int(11) NOT NULL AUTO_INCREMENT,
  `mahasiswa_nim` varchar(20) NOT NULL,
  `judul` text DEFAULT NULL,
  `status` enum('Lulus','Belum Lulus','Data Tidak Lengkap','Tidak Selesai') NOT NULL DEFAULT 'Data Tidak Lengkap',
  `tgl_sk_pembimbing` date DEFAULT NULL,
  `tgl_lulus` date DEFAULT NULL,
  `jumlah_pengambilan` int(11) NOT NULL DEFAULT 1 COMMENT 'Melacak berapa kali skripsi ini diambil',
  `pembimbing_1_id` int(11) DEFAULT NULL,
  `pembimbing_2_id` int(11) DEFAULT NULL,
  `penguji_1_id` int(11) DEFAULT NULL,
  `penguji_2_id` int(11) DEFAULT NULL,
  `created_at` timestamp NOT NULL DEFAULT current_timestamp(),
  `updated_at` timestamp NOT NULL DEFAULT current_timestamp() ON UPDATE current_timestamp(),
  PRIMARY KEY (`id`),
  KEY `mahasiswa_nim` (`mahasiswa_nim`),
  KEY `pembimbing_1_id` (`pembimbing_1_id`),
  KEY `pembimbing_2_id` (`pembimbing_2_id`),
  KEY `penguji_1_id` (`penguji_1_id`),
  KEY `penguji_2_id` (`penguji_2_id`),
  CONSTRAINT `skripsi_ibfk_1` FOREIGN KEY (`mahasiswa_nim`) REFERENCES `mahasiswa` (`nim`) ON DELETE CASCADE ON UPDATE CASCADE,
  CONSTRAINT `skripsi_ibfk_2` FOREIGN KEY (`pembimbing_1_id`) REFERENCES `dosen` (`id`) ON DELETE SET NULL ON UPDATE CASCADE,
  CONSTRAINT `skripsi_ibfk_3` FOREIGN KEY (`pembimbing_2_id`) REFERENCES `dosen` (`id`) ON DELETE SET NULL ON UPDATE CASCADE,
  CONSTRAINT `skripsi_ibfk_4` FOREIGN KEY (`penguji_1_id`) REFERENCES `dosen` (`id`) ON DELETE SET NULL ON UPDATE CASCADE,
  CONSTRAINT `skripsi_ibfk_5` FOREIGN KEY (`penguji_2_id`) REFERENCES `dosen` (`id`) ON DELETE SET NULL ON UPDATE CASCADE
) ENGINE=InnoDB AUTO_INCREMENT=405 DEFAULT CHARSET=utf8mb4 COLLATE=utf8mb4_general_ci;

DELETE FROM `skripsi`;
INSERT INTO `skripsi` (`id`, `mahasiswa_nim`, `judul`, `status`, `tgl_sk_pembimbing`, `tgl_lulus`, `jumlah_pengambilan`, `pembimbing_1_id`, `pembimbing_2_id`, `penguji_1_id`, `penguji_2_id`, `created_at`, `updated_at`) VALUES
	(1, '171221081', 'Sistem Pendukung Keputusan Media Promosi Marketing Kain Tenun Sambas Di Desa Semberang Menggunakan Metode Analytical Hierarchy Process', 'Lulus', '2020-05-05', '2021-01-05', 1, 5, 1, 4, 3, '2025-09-17 14:59:06', '2025-09-17 14:59:06'),
	(2, '182220006', 'Rancang Bangun Jam Pintar Menggunakan Sensor Ultrasonik  Dengan Logika Fuzzy Metode Fuzzy Infrency Sistem(Mamdani) Untuk Membantu Tuna Netra Berbasis Arduino', 'Lulus', '2020-06-08', '2021-03-25', 1, NULL, 6, 1, 5, '2025-09-17 14:59:06', '2025-09-17 14:59:06'),
	(3, '171221108', 'Sistem Pendukung Keputusan Pemilihan Tempat Pariwisata Kabupaten Kubu Raya Menggunakan MEtode AHP dan SAW Berbasis Web', 'Lulus', '2021-01-05', '2022-06-21', 1, 4, 3, 5, 1, '2025-09-17 14:59:06', '2025-09-17 14:59:06'),
	(4, '171221095', 'Analisis Dan Perancangan Media Interaktif Pengenalan Alat Musik Tradisional Sape’ Khas Kalimantan Untuk Anak Menggunakan Visual Video', 'Lulus', '2020-06-08', '2021-06-29', 1, 1, 2, 3, NULL, '2025-09-17 14:59:06', '2025-09-17 14:59:06'),
	(5, '171221117', 'Sistem Pendukung Keputusan Pemilihan Jurusan IPA dan IPS Untuk Siswa-Siswi SMAN 1 Hulu Gurung Dengan Metode Analytical Hierarchy Process (AHP)', 'Lulus', '2020-06-08', '2021-03-25', 1, NULL, 5, 6, 2, '2025-09-17 14:59:06', '2025-09-17 14:59:06'),
	(6, '171221109', 'Sistem Pendukung Keputusan Pemilihan Penerima Beasiswa Universitas Muhammadiyah Pontianak Menggunakan Metode Fuzzy Mamdani', 'Lulus', '2020-06-08', '2021-03-25', 1, 4, 6, 5, 1, '2025-09-17 14:59:06', '2025-09-17 14:59:06'),
	(7, '171221110', 'Sistem Pendukung Keputusan Untuk Menentukan Judul Skripsi Prodi Teknik Informatika Menggunakan Metode Electree', 'Lulus', '2020-05-05', '2021-03-25', 1, 1, 3, 6, NULL, '2025-09-17 14:59:06', '2025-09-17 14:59:06'),
	(8, '171221096', 'Implementasi Linear Congruent Method Untuk Pengacakan Soal Pada Aplikasi Bank Soal  Berbasis Website', 'Lulus', '2020-06-08', '2021-03-25', 1, 6, NULL, 2, 4, '2025-09-17 14:59:06', '2025-09-17 14:59:06'),
	(9, '182220120', 'Rancang Bangun Sistem Informasi Inventaris Dengan Data Mining Menggunakan Metode Apriori Barang Pada Toko Bangunan Jeruju Permai di Pontianak', 'Lulus', '2020-06-08', '2021-08-24', 1, 3, 4, NULL, 2, '2025-09-17 14:59:06', '2025-09-17 14:59:06'),
	(10, '171221132', 'Perancangan Sistem Informasi Pelayanan Laundry Online Berbasis Web Dengan Metode User Centered Desaign (Ucd)', 'Lulus', '2020-06-08', '2021-03-25', 1, 2, 1, 5, 6, '2025-09-17 14:59:06', '2025-09-17 14:59:06'),
	(11, '171221134', 'Rancang Bangun Aplikasi E-Activity Kepegawaian Untuk Penilaian Dan Pemberian Reward Aparatul Sipil Negara Menggunakan Metode Ahp Dan Fuzzy Synthetic  Pada Dinas Komunikasi Dan Informatika Provinsi Kalimantan Barat', 'Lulus', '2021-08-04', '2021-07-12', 1, 5, 4, 1, 2, '2025-09-17 14:59:06', '2025-09-17 14:59:06'),
	(12, '171221120', 'Aplikasi Pencarian Jalur Terpendek Rumah Kost Kota Pontianak Berbasis Web Menggunakan Algoritma Dijkstra', 'Lulus', '2020-08-27', '2021-07-21', 1, 3, 5, 4, NULL, '2025-09-17 14:59:06', '2025-09-17 14:59:06'),
	(13, '171221129', 'Sistem Pendukung Keputusan Menggunakan Metode Ahp (Analitycal Hierarchy Process) Dalam Pemilihan Anggota Badan Eksekutif Mahasiswa Fakultas Teknik Universitas Muhammadiyah Pontianak', 'Lulus', '2020-08-27', '2021-08-23', 1, 1, 2, 3, 5, '2025-09-17 14:59:06', '2025-09-17 14:59:06'),
	(14, '171221101', 'Sistem Pendukung Keputusan Pemilihan Jenis Tanaman Holtikultura Sayuran Berdasarkan  Agroklimat  Di Desa Tri Mandayan Dengan Menggunakan Metode Analytic Hierarchy Process (AHP)', 'Lulus', '2020-08-27', '2021-03-25', 1, 2, NULL, 3, 4, '2025-09-17 14:59:06', '2025-09-17 14:59:06'),
	(15, '171221093', 'APLIKASI PERAMALAN STOK BARANG RETAIL MENGGUNAKAN METODE TREND MOMENT PADA TOKO RIZKA', 'Lulus', '2020-09-15', '2021-03-25', 1, 4, 3, 6, 1, '2025-09-17 14:59:06', '2025-09-17 14:59:06'),
	(16, '171221125', 'SISTEM INFORMASI GEOGRAFIS PENJUALAN RUMAH DI PONTIANAK BERBASIS WEB MENGGUNAKAN METODE HARVESINE FORMULA', 'Lulus', '2020-09-24', '2021-06-29', 1, 5, 6, 1, 3, '2025-09-17 14:59:06', '2025-09-17 14:59:06'),
	(17, '171221124', 'SISTEM PENDUKUNG KEPUTUSAN SELEKSI PENERIMAAN BERAS UNTUK KELUARGA MISKIN DENGAN METODE  SIMPLE ADDITIVE WEIGHTING', 'Lulus', '2020-09-24', '2021-03-25', 1, NULL, 2, 5, 1, '2025-09-17 14:59:06', '2025-09-17 14:59:06'),
	(18, '171221135', 'SISTEM PENDUKUNG KEPUTUSAN PEMILIHAN LOKASI STRATEGIS UNTUK USAHA CAFFE BERBASIS WEB DI PONTIANAK KOTA MENGGUNAKAN METODE AHP DAN SAW', 'Lulus', '2020-09-24', '2021-03-08', 1, 6, 5, NULL, 3, '2025-09-17 14:59:06', '2025-09-17 14:59:06'),
	(19, '171221137', 'SISTEM INFORMASI PERAMALAN PERSEDIAAN OBAT MENGGUNAKAN METODE WEIGHTED MOVING AVERAGE PADA RUMAH SAKIT UNTAN', 'Lulus', '2020-09-24', '2021-03-25', 1, 3, NULL, 1, 6, '2025-09-17 14:59:06', '2025-09-17 14:59:06'),
	(20, '171221121', 'SISTEM PENILAIAN UJIAN ONLINE OTOMATIS UNTUK SOAL ESAI MENGGUNAKAN METODE VECTOR SPACE MODEL', 'Lulus', '2021-04-07', '2021-06-21', 1, 5, NULL, 3, 6, '2025-09-17 14:59:06', '2025-09-17 14:59:06'),
	(21, '171221112', 'SISTEM PAKAR MENDIAGNOSA KEKELIRUAN TERHADAP PENGUJIAN DI UPT. LABORATORIUM BAHAN KONTRUKSI MENGGUNAKAN METODE FORWARD CHAINING', 'Lulus', '2021-01-05', '2021-03-25', 1, 1, 3, 4, 2, '2025-09-17 14:59:06', '2025-09-17 14:59:06'),
	(22, '171221087', 'IMPLEMENTASI AUGMENTED REALITY PADA KATALOG RUMAH BERBASIS ANDROID MENGGUNAKAN METODE MARKER BASED TRACKING', 'Lulus', '2021-03-08', '2022-04-25', 1, 2, 4, 3, 1, '2025-09-17 14:59:06', '2025-09-17 14:59:06'),
	(23, '171221103', 'SISTEM PAKAR DIAGNOSA PENYAKIT PADA IKAN ARWANA DENGAN MENGGUNAKAN METODE CERTAINTY FACTOR', 'Lulus', '2021-01-07', '2021-05-03', 1, 4, 1, NULL, 3, '2025-09-17 14:59:06', '2025-09-17 14:59:06'),
	(24, '171221133', 'SISTEM PENYIRAMAN  OTOMATIS PADA TANAMAN CABAI RAWIT  MENGGUNKAN METODE  FUZZY SUGENO', 'Lulus', '2021-03-08', '2022-03-15', 1, 2, 6, 1, 5, '2025-09-17 14:59:06', '2025-09-17 14:59:06'),
	(25, '171221136', 'APLIKASI EDUCATION MAPPING (AEM) DENGAN PENDEKATAN SISTEM INFORMASI GEOGRAFIS PEMETAAN PENDIDIKAN PERSEBARAN UNIVERSITAS DI KOTA PONTIANAK', 'Lulus', '2021-03-08', '2022-03-25', 1, 3, 4, 6, 5, '2025-09-17 14:59:06', '2025-09-17 14:59:06'),
	(26, '171221016', 'SISTEM PENDUKUNG KEPUTUSAN PENERIMA DANA BANTUAN SOSIAL MENGGUNAKAN METODE WEIGHTED PRODUCT DI SEKOLAH MADRASAH IBTIDAIYAH NEGERI 2 PONTIANAK', 'Lulus', '2021-03-22', '2021-06-04', 1, NULL, 2, 6, 4, '2025-09-17 14:59:06', '2025-09-17 14:59:06'),
	(27, '192220086', 'PENERAPAN METODE SIMPLE ADDITIVE WEIGHTING (SAW) DAN WEIGHTED PRODUCT (WP) DALAM SISTEM PENDUKUNG KEPUTUSAN PEMILIHAN SMARTPHONE BERBASIS WEBSITE', 'Lulus', '2021-03-22', '2021-06-10', 1, 3, 5, 2, NULL, '2025-09-17 14:59:06', '2025-09-17 14:59:06'),
	(28, '171221099', 'RANCANG BANGUN PRESENSI SIDIK JARI DI PUSKESMAS PUTUSSIBAU SELATAN MENGGUNAKAN METODE OPTICAL SCANNING', 'Lulus', '2021-05-03', '2022-06-20', 1, 3, 1, 4, 2, '2025-09-17 14:59:06', '2025-09-17 14:59:06'),
	(29, '192220084', 'PREDIKSI PERMINTAAN ULAT JERMAN DENGAN MENGGUNAKAN METODE DOUBLE EXPONENTIAL SMOOTHING BERBASIS WEBSITE', 'Lulus', '2021-05-03', '2021-12-17', 1, 1, NULL, 2, 5, '2025-09-17 14:59:06', '2025-09-17 14:59:06'),
	(30, '171220043', 'Pengaturan Pakan Ternak Unggas Berbasis IoT Dengan Penjadwalan Secara Otomatis Menggunakan NODEMCU ESP8266', 'Lulus', '2021-06-18', '2022-05-24', 1, 6, NULL, 1, 4, '2025-09-17 14:59:06', '2025-09-17 14:59:06'),
	(31, '171220274', 'PEMANFAATAN IOT SEBAGAI PENDETEKSI DINI KEBAKARAN DENGAN SENSOR API DAN SUHU MENGGUNAKAN ARDUINO', 'Lulus', '2021-06-18', '2021-11-02', 1, 1, NULL, 4, 6, '2025-09-17 14:59:06', '2025-09-17 14:59:06'),
	(32, '171220651', 'SISTEM PAKAR DIAGNOSA HAMA DAN PENYAKIT PADI MENGGUNAKAN METODE FORWARD DAN BACKWARD CHAINING', 'Lulus', '2021-06-18', '2022-06-15', 1, 6, 4, 5, 1, '2025-09-17 14:59:06', '2025-09-17 14:59:06'),
	(33, '171220200', 'RANCANG BANGUNG ALAT BANTU TUNA NETRA MENGGUNAKAN SENSOR ULTRASONIC HC-SR04 DAN SENSOR WATER LEVER STUDI KASUS PANTI ASUHAN AR RAHMAH PONTIANAK SELATAN', 'Lulus', '2021-12-30', '2023-10-24', 1, 4, NULL, 3, 6, '2025-09-17 14:59:06', '2025-09-17 14:59:06'),
	(34, '181220025', 'SISTEM INFORMASI GEOGRAFIS TOUR GUIDE PENCARIAN RUTE TERPENDEK WISATA KABUPATEN KETAPANG MENGGUNAKAN ALGORITMA DIJKSTRA', 'Lulus', '2022-08-23', '2023-06-06', 1, 6, 3, 5, 4, '2025-09-17 14:59:06', '2025-09-17 14:59:06'),
	(35, '191220063', 'Klasifikasi Kelayakan Pemberian Kredit Menggunakan Algoritma K-Nearest Neighbor', 'Lulus', '2022-09-16', '2023-06-06', 1, 4, 7, 5, 1, '2025-09-17 14:59:06', '2025-09-17 14:59:06'),
	(36, '171221094', 'Rancang Bangun Sistem Informasi Peramalan Penjualan Menggunakan Metode Single Exponential Smoothing Berbasis Web (Studi Kasus : Sikattjhons Store)', 'Lulus', '2020-08-27', '2021-05-18', 1, 6, 3, 2, 4, '2025-09-17 14:59:06', '2025-09-18 04:09:57'),
	(37, '171221102', 'RANCANG BANGUN SISTEM PELAYANAN PUBLIK PADA DINAS PEKERJAAN UMUM DAN PENATAAN RUANG PROVINSI KALIMANTAN BARAT MENGGUNAKAN METODE CUSTOMER SATISFACTION INDEX (CSI) SEBAGAI PENILIAN KEPUASAN PENGGUNA JASA', 'Lulus', '2021-01-05', NULL, 1, 6, NULL, 4, 1, '2025-09-17 14:59:06', '2025-09-18 05:47:42'),
	(38, '171220818', 'TES WATCH (TURTLE EGG WATCH) : MONITORING PENYU BERTELUR MENGGUNAKAN SISTEM TELEMETRY BERBASIS IOT', 'Lulus', '2021-03-22', NULL, 1, 1, 6, 4, 5, '2025-09-17 14:59:06', '2025-09-18 05:47:58'),
	(39, '171221089', 'SISTEM PAKAR DIAGNOSA STUNTING PADA BALITA DENGAN MENGGUNAKAN METODE CERTAINTY FACTOR', 'Lulus', '2021-03-25', NULL, 1, 5, 1, 3, 4, '2025-09-17 14:59:06', '2025-09-18 05:48:14'),
	(40, '171221114', 'Rancangan Bangun Multimedia Pengenalan Objek Wisata Di Daerah Kapuas Hulu Menggunakan Metode (MDLC) Multimedia Development Lift Cycle', 'Belum Lulus', '2021-03-25', NULL, 1, 2, 4, NULL, NULL, '2025-09-17 14:59:06', '2025-09-19 08:10:48'),
	(41, '171220814', 'SISTEM PENGAMBILAN KEPUTUSAN DALAM PEMILIHAN SISWA -SISWI BERPRESTASI DENGAN MENERAPKAN METODE MULTI_x0002_OBJECTIVE OPTIMALIZATIAON ON THE BASIS OF RATIOANALYSIS (MOORA) BERBASIS WEBSITE (STUDI KASUS SMAN 1 TAYAN HULU)', 'Lulus', '2021-05-03', '2023-01-27', 1, 4, 1, 2, 3, '2025-09-17 14:59:06', '2025-10-01 02:49:17'),
	(42, '171220996', 'SISTEM PAKAR PENGOBATAN BEKAM MENGGUNAKAN METODE CASE BASE REASONING BERBASIS ANDROID', 'Lulus', '2021-05-03', NULL, 1, 5, 6, 2, 3, '2025-09-17 14:59:06', '2025-10-01 02:49:29'),
	(43, '171221115', 'RANCANGAN MEDIA INTERAKTIF MENGENAL LAGU LAGU DAERAH KALIMANTAN BARAT UNTUK ANAK', 'Lulus', '2021-05-03', '2022-06-20', 1, 2, NULL, 6, 4, '2025-09-17 14:59:06', '2025-10-01 02:50:35'),
	(44, '171220372', 'RANCANG BANGUN PROTOTIPE DETEKSI DINI KEBAKARAN DI RUANG ARSIP PT. MITRA MINERAL MEGATAMA MENGGUNAKAN SENSOR FLAME DETECTOR 5 CHANNEL DAN TGS-2610 BERBASIS NODEMCU TERINTEGRASI DENGAN WEB', 'Lulus', '2021-06-18', NULL, 1, 5, NULL, 4, 6, '2025-09-17 14:59:06', '2025-10-01 02:51:18'),
	(45, '171220399', 'Sistem Pakar Diagnosa Penyakit Diabetes Melitus Menggunakan Metode Forward Chaining dan Backward Chaining Berbasis Website', 'Lulus', '2021-06-18', NULL, 1, 4, 2, 5, 3, '2025-09-17 14:59:06', '2025-10-01 02:52:42'),
	(46, '171220659', 'SISTEM PAKAR DIAGNOSA PENYAKIT DAN HAMA PADA TANAMAN PEPAYA BERBASIS WEB MENGGUNAKAN METODE FORWARD CHAINING', 'Lulus', '2021-09-07', NULL, 1, 5, 2, 3, 6, '2025-09-17 14:59:06', '2025-10-01 02:54:15'),
	(47, '171220567', 'PERANCANGAN PINTU OTOMATIS DENGAN FINGERPRINT DAN E-KTP MENGGUNAKAN ARDUINO', 'Lulus', '2021-09-07', NULL, 1, 4, 1, 3, 6, '2025-09-17 14:59:06', '2025-10-01 02:53:52'),
	(48, '171220133', 'PENGUKUR BERAT BADAN IDEAL UNTUK BALITA DAN BATITA BERBASIS ARDUINO DENGAN SENSOR ULTRASONIC DAN LOAD CELL', 'Lulus', '2021-09-07', '2022-09-18', 1, 6, 3, 2, 5, '2025-09-17 14:59:06', '2025-09-18 04:10:36'),
	(49, '171220479', 'PENERAPAN METODE CERTAINTY FACTOR PADA SISTEM PAKAR UNTUK DIAGNOSA HAMA DAN PENYAKIT PADA TANAMAN TOMAT (Lycopersicum esculentum Mill.)', 'Lulus', '2021-07-23', '2022-09-05', 1, 5, 4, 6, 2, '2025-09-17 14:59:06', '2025-10-01 02:53:24'),
	(50, '171220783', 'Rancang Bangun Prototype Pengusir Hama Burung Otomatis Pada Tanaman Padi Berbasis Mikrokontroler', 'Lulus', '2021-07-23', NULL, 1, 1, 3, 2, 6, '2025-09-17 14:59:06', '2025-10-01 02:56:33'),
	(51, '171220578', 'Sistem Prediksi Penjualan Lidah Buaya Dengan Metode Single Exponential Smothing Pada UPT Agribisnis', 'Lulus', '2021-09-08', NULL, 1, 4, NULL, 5, 2, '2025-09-17 14:59:06', '2025-10-01 03:26:50'),
	(52, '171220493', 'SISTEM PAKAR PENGIDENTIFIKASI HAMA DAN PENYAKIT PADA TANAMAN ANGGREK MENGGUNAKAN METODE FORDWARD CHAINING DAN BACKWARD CHAINING', 'Lulus', '2021-09-10', NULL, 1, 6, 5, 1, 3, '2025-09-17 14:59:06', '2025-10-01 02:53:29'),
	(53, '171220438', 'PERBANDINGAN SISTEM PENDUKUNG KEPUTUSAN MENGGUNAKAN METODE SAW DAN METODE WP DALAM PEMBERIAN PINJAMAN DI CU. SUMBER KASIH TP. PAHAUMAN', 'Lulus', '2021-09-10', NULL, 1, 3, 2, 1, 5, '2025-09-17 14:59:06', '2025-10-01 02:52:57'),
	(54, '182220107', 'PEMBANGUNAN APLIKASI PARIWISATA KAPUAS HULU BERBASIS ANDROID', 'Lulus', '2021-10-29', NULL, 1, 4, NULL, 6, 3, '2025-09-17 14:59:06', '2025-10-01 03:09:58'),
	(55, '171220544', 'IMPLEMENTASI METODE SINGLE EXPONENTIAL SMOOTHING PADA PERSEDIAAN KUE BINGKE KHATULISTIWA BERBASIS WEB', 'Lulus', '2021-10-29', NULL, 1, 4, 6, 2, 3, '2025-09-17 14:59:06', '2025-10-01 02:53:38'),
	(56, '171220602', 'PERANCANGAN SISTEM PENDETEKSI KEBAKARAN RUMAH BERBASIS ARDUINO MENGGUNAKAN SENSOR GAS MQ5 SENSOR ASAP MQ2 DAN FLAME DETECTOR 5 CHANNEL DENGAN NOTIFIKASI GATEAWAY', 'Lulus', '2021-10-29', NULL, 1, 1, NULL, 4, 6, '2025-09-17 14:59:06', '2025-09-17 15:06:53'),
	(57, '171220674', 'PERANCANGAN SISTEM PENDETEKSI BANJIR OTOMATIS MENGGUNAKAN SMS GATEWAY DAN JALUR EVAKUASI BERBASIS ARDUINO', 'Lulus', '2021-10-29', NULL, 1, 4, NULL, 5, 6, '2025-09-17 14:59:06', '2025-10-01 02:55:31'),
	(58, '171220187', 'IDENTIFIKASI BENTUK DAUN TANAMAN BEGONIA (Begoniceae) MENGGUNAKAN METODE K-NEAREST NEIGBHOR', 'Lulus', '2021-10-29', NULL, 1, 5, 3, 1, 4, '2025-09-17 14:59:06', '2025-09-18 05:48:31'),
	(59, '171220724', 'SISTEM PENDUKUNG KEPUTUSAN PEMILIHAN SUPPLIER OBAT DI KLINIK PKU MUHAMMADIYAH KITAMURA PONTIANAK MENGGUNAKAN METODE ANALYTIC HIERARCHY PROCESS (AHP) DAN DATA ENVELOMPMENT ANALYSIS (DEA)', 'Lulus', '2021-10-29', NULL, 1, 6, 2, 3, 1, '2025-09-17 14:59:06', '2025-10-01 02:56:07'),
	(60, '171220142', 'SISTEM PAKAR DIAGNOSA PENYAKIT DAN HAMA PADA TANAMAN TERUNG MENGGUNAKAN METODE FORWARD CHAINING DAN CERTAINTY FACTOR BERBASIS WEB', 'Data Tidak Lengkap', '2021-10-29', NULL, 1, 1, NULL, NULL, NULL, '2025-09-17 14:59:06', '2025-09-17 14:59:06'),
	(61, '171220331', 'SISTEM PAKAR UNTUK PEMILIHAN GAYA BELAJAR SISWA DI SD N 15 PONTIANAK DENGAN METODE CASE BASED REASONING BERBASIS WEB', 'Lulus', '2021-10-29', NULL, 1, 1, NULL, 6, 2, '2025-09-17 14:59:06', '2025-10-01 02:52:25'),
	(62, '171220748', 'PERANCANGAN ABSENSI OTOMATIS MENGGUNAKAN RADIO FREQUENCY IDENTIFICATION (RFID)', 'Lulus', '2021-11-26', NULL, 1, 1, NULL, 4, 2, '2025-09-17 14:59:06', '2025-10-01 02:56:18'),
	(63, '171220603', 'SISTEM PAKAR DIAGNOSA TINGKAT DEPRESI PADA MAHASISWA AKHIR PRODI TEKNIK INFORMATIKA MENGGUNAKAN METODE FORWARD CHAINING DAN METODE CERTAINTY FACTOR DI UNIVERSITAS MUHAMMADIYAH PONTIANAK', 'Lulus', '2021-11-26', NULL, 1, 4, NULL, 5, 2, '2025-09-17 14:59:06', '2025-10-01 02:54:04'),
	(64, '171220676', 'IMPLEMENTASI METODE CERTAINTY FACTOR DALAM SISTEM PAKAR TEKANAN PSIKOLOGI MANUSIA DISEBABKAN OLEH BROKEN HOME', 'Lulus', '2021-11-26', NULL, 1, 4, NULL, 3, 1, '2025-09-17 14:59:06', '2025-10-01 02:55:40'),
	(65, '171220690', 'IMPLEMENTASI DATA MINING MENGGUNAKAN ALGORITMA ECLAT PADA ARUMA COMPUTER', 'Lulus', '2021-12-30', NULL, 1, 1, NULL, 5, 4, '2025-09-17 14:59:06', '2025-10-01 02:55:45'),
	(66, '171220670', 'SISTEM PAKAR PENERAPAN STUNTING PADA BALITA MENGGUNAKAN METODE CERTAINTY FACTOR DAN FORWARD CHAINING', 'Lulus', '2022-01-31', NULL, 1, 1, NULL, 3, 5, '2025-09-17 14:59:06', '2025-10-01 02:55:08'),
	(67, '171220349', 'PENERAPAN DATA MINING TERHADAP DATA TRANSAKSI PENJUALAN MENGGUNAKAN METODE ATURAN ASOSIASI ALGORITMA APRIORI (STUDI KASUS DI HAIPYCAKE PONTIANAK)', 'Lulus', '2022-01-31', NULL, 1, 5, 3, 1, 4, '2025-09-17 14:59:06', '2025-10-01 02:52:31'),
	(68, '171220282', 'PEMETAAN LAHAN TANAMAN ORGANIK DI WILAYAH KECAMATAN SUNGAI KAKAP GUNA MENDAPATKAN RUTE LOKASI TERDEKAT DENGAN MENERAPKAN ALGORITMA DIJKSTRA BERBASIS WEB APLIKASI', 'Lulus', '2022-01-31', NULL, 1, 6, 2, 5, 4, '2025-09-17 14:59:06', '2025-10-01 02:52:19'),
	(69, '171220719', 'SISTEM PENDUKUNG KEPUTUSAN MENGGUNAKAN METODE ANALYTICAL HIERARCHY PROCESS (AHP) UNTUK PENENTUAN MASYARAKAT PENERIMA BANTUAN BPNT DI DESA ENTIBAB', 'Lulus', '2022-02-25', NULL, 1, 2, 1, 6, 3, '2025-09-17 14:59:06', '2025-10-01 02:56:01'),
	(70, '171220496', 'SISTEM INFORMASI GEOGRAFIS BERBASIS WEB TEMPAT BERSEJARAH GUNA MENENTUKAN RUTE TERDEKAT DENGAN MENERAPKAN ALGORITMA DIJKSTRA DI KOTA PONTIANAK', 'Data Tidak Lengkap', '2022-02-25', NULL, 1, 6, 1, 4, 5, '2025-09-17 14:59:06', '2025-09-17 14:59:06'),
	(71, '181220102', 'SISTEM INFORMASI GEOGRAFIS TEMPAT PEMBUANGAN SAMPAH (TPS) DI KOTA SANGGAU BERBASIS  MOBILE  DAN PENCARIAN JALUR TERPENDEK DENGAN ALGORITMA DIJKSTRA', 'Lulus', '2022-02-25', NULL, 1, 6, 3, 2, 5, '2025-09-17 14:59:06', '2025-10-01 03:09:06'),
	(72, '181220038', 'Aplikasi Kamus Bahasa Daerah Kalimantan Barat Berbasis Website Menggunakan Metode Sequential Search', 'Lulus', '2022-04-29', NULL, 1, 1, 5, 4, 3, '2025-09-17 14:59:06', '2025-10-01 03:01:56'),
	(73, '202220108', 'DETEKSI KECEPATAN KENDARAAN BERBASIS PENGOLAHAN CITRA DIGITAL MENGGUNAKAN METODE BACKGROUND SUBTRACTION', 'Lulus', '2022-04-29', NULL, 1, 5, 6, 4, 1, '2025-09-17 14:59:06', '2025-10-01 03:35:38'),
	(74, '171221113', 'VIRTUAL TOUR MENGGUNAKAN METODE GAMBAR PANORAMA 360 SEBAGAI MEDIA INFORMASI DAN PROMOSI UNIVERSITAS MUHAMMADIYAH PONTIANAK', 'Lulus', '2022-06-10', NULL, 1, 2, 6, 3, 4, '2025-09-17 14:59:06', '2025-10-01 02:57:30'),
	(75, '181220084', 'ABSENSI DOSEN TEKNIK INFORMATIKA UM PONTIANAK DENGAN PENGENALAN POLA WAJAH SECARA REALTIME MENGGUNAKAN METODE PEMBELAJARAN DEEP LEARNING DENGAN PUSTAKA OPEN CV (COMPUTER VISION)', 'Lulus', '2022-06-10', NULL, 1, 3, 5, 1, 6, '2025-09-17 14:59:06', '2025-10-01 03:07:23'),
	(76, '171221122', 'PERAMALAN PENJUALAN PUPUK PERTANIAN MENGGUNAKAN METODE TREN MOMENT', 'Lulus', '2022-06-10', NULL, 1, 1, 7, 2, 3, '2025-09-17 14:59:06', '2025-10-01 02:57:43'),
	(77, '181220117', 'SISTEM PENDUKUNG KEPUTUSAN REKOMENDASI SMA ISLAM SWASTA DI KOTA PONTIANAK BERBASIS SISTEM INFORMASI GEOGRAFIS MENGGUNAKAN METODE SIMPLE ADDITIVE WEIGHTING (SAW) DAN TECHNIQUE FOR ORDER PREFERENCE BY SIMILARITY TO IDEAL SOLUTION (TOPSIS)', 'Lulus', '2022-07-15', NULL, 1, 4, 3, 2, 1, '2025-09-17 14:59:06', '2025-10-01 03:09:41'),
	(78, '181220082', 'IMPLEMENTASI ALGORITMA K-NEAREST NEIGHBOR (KNN) UNTUK PREDIKSI PENYAKIT LIVER DARI ILPD (INDIAN LIVER PATIENT DATASET)', 'Lulus', '2022-07-15', NULL, 1, 1, 2, 4, 6, '2025-09-17 14:59:06', '2025-10-01 03:07:18'),
	(79, '181220009', 'Klasifikasi Penyakit Hipertensi Menggunakan Metode Random Forest', 'Lulus', '2022-07-15', NULL, 1, 4, NULL, 6, 1, '2025-09-17 14:59:06', '2025-10-01 02:58:30'),
	(80, '181220106', 'DETEKSI DINI PENYAKIT PADA IBU HAMIL BERBASIS WEB DAN ANDROID MENGGUNAKAN METODE DEMPSTER-SHAFER', 'Lulus', '2022-07-15', NULL, 1, 4, 3, 1, 5, '2025-09-17 14:59:06', '2025-10-01 03:09:10'),
	(81, '181220035', 'SISTEM KLASIFIKASI CITRA MENGGUNAKAN TRANSFER LEARNING DENGAN MOBILENETV2 UNTUK PENGENALAN SPESIES SERANGGA BERBASIS MOBILE', 'Lulus', '2022-07-15', NULL, 1, 5, 6, 3, 2, '2025-09-17 14:59:06', '2025-10-01 03:01:36'),
	(82, '181220088', 'PENGEMBANGAN APLIKASI PEMETAAN TEMPAT PRAKTIK PSIKIATER MENGGUNAKAN METODE LOCATION BASED SERVICED (LBS) DI KOTA SINGKAWANG BERBASIS ANDROID', 'Lulus', '2022-07-15', NULL, 1, 6, 4, 2, 5, '2025-09-17 14:59:06', '2025-10-01 03:07:43'),
	(83, '181220016', 'SISTEM PREDIKSI KEBUTUHAN OBAT DI PUSKESMAS KECAMATAN SUBI KABUPATEN NATUNA BERBASIS WEBSITE MENGGUNAKAN METODE REGRESI LINEAR', 'Lulus', '2022-07-29', NULL, 1, 4, 3, 2, 1, '2025-09-17 14:59:06', '2025-10-01 02:59:19'),
	(84, '181220001', 'KLASIFIKASI PENYAKIT DIABETES MENGGUNAKAN ALGORITMA DECISION TREE C4.5', 'Data Tidak Lengkap', '2022-07-29', NULL, 1, 1, 7, 5, 6, '2025-09-17 14:59:06', '2025-09-17 14:59:06'),
	(85, '181220110', 'MEMPREDIKSI PENYAKIT CARDIOVASCULAR PADA PASIEN MENGGUNAKAN ALGORITMA LOGISTIC REGRESSION SUPERVISED MACHINE LEARNING', 'Lulus', '2022-07-29', NULL, 1, 1, NULL, 6, 5, '2025-09-17 14:59:06', '2025-10-01 03:09:28'),
	(86, '171220849', 'SISTEM PENDUKUNG KEPUTUSAN PENERIMAAN BANTUAN LANGSUNG TUNAI (BLT) MENGGUNAKAN METODE WEIGHTED PRODUCT (WP) DAN MULTI ATTRIBUTE UTILITY THEORY (MAUT) DI DESA GOA BOMA BERBASIS WEBSITE', 'Lulus', '2022-07-29', NULL, 1, 1, 7, 6, 3, '2025-09-17 14:59:06', '2025-10-01 02:56:55'),
	(87, '171220852', 'SISTEM PENDUKUNG KEPUTUSAN REKOMENDASI PENENTUAN JURUSAN KULIAH PADA SISWA-SISWI KELAS XII SMAN 1 TUJUH BELAS MENGUNAKAN METODE PROFILE MATCHING DAN MFEP BERBASIS WEB', 'Lulus', '2022-07-29', NULL, 1, 1, 2, 4, 3, '2025-09-17 14:59:06', '2025-10-01 02:57:00'),
	(88, '181220077', 'PREDIKSI BANJIR DI KOTA PONTIANAK MENGGUNAKAN METODE DECISION TREE', 'Lulus', '2022-07-29', NULL, 1, 1, 7, 2, 6, '2025-09-17 14:59:06', '2025-10-01 03:06:55'),
	(89, '181220017', 'SISTEM PENDUKUNG KEPUTUSAN PENETUAN PENERIMA BANTUAN IURAN (PBI) BPJS KESEHATAN DI KABUPATEN SAMBAS MENGGUNAKAN METODE ROC DAN SMART', 'Lulus', '2022-07-29', NULL, 1, 4, 6, 5, 2, '2025-09-17 14:59:06', '2025-10-01 02:58:46'),
	(90, '171221131', 'SISTEM PAKAR DIAGNOSA TINGKAT KECANDUAN SLOT ( JUDI ) ONLINE MENGGUNAKAN METODE BACKWARD CHAINING', 'Data Tidak Lengkap', '2022-07-29', NULL, 1, 1, NULL, NULL, NULL, '2025-09-17 14:59:06', '2025-09-17 14:59:06'),
	(91, '171220672', 'SISTEM PENDUKUNG KEPUTUSAN PEMILIHAN TEMPAT DESTINASI WISATA TERBAIK DI KABUPATEN SAMBAS TAHUN 2022 MENGGUNAKAN METODE AHP DAN TOPSIS BERBASIS WEB', 'Lulus', '2022-07-29', NULL, 1, 4, 7, 2, 1, '2025-09-17 14:59:06', '2025-10-01 02:55:26'),
	(92, '181220004', 'SISTEM INFORMASI GEOGRAFIS PEMETAAN KERUSAKAN JALAN KABUPATEN KUBU RAYA MENGGUNAKAN METODE HAVERSIN FORMULA', 'Lulus', '2022-07-29', NULL, 1, 6, 5, 3, 2, '2025-09-17 14:59:06', '2025-10-01 02:57:59'),
	(93, '181220094', 'PENERAPAN JARINGAN SYARAF TIRUAN UNTUK MEMPREDIKSI PENJUALAN HARGA BUAH KELAPA SAWIT MENGGUNAKAN BACKPROPAGATION', 'Lulus', '2022-07-29', NULL, 1, 3, 5, 1, 6, '2025-09-17 14:59:06', '2025-10-01 03:08:31'),
	(94, '181220027', 'SISTEM INFORMASI GEOGRAFIS PENENTUAN RUTE PARIWISATA DI KABUPATEN BENGKAYANG MENGGUNAKAN ALGORITMA DIJKSTRA', 'Lulus', '2022-07-29', NULL, 1, 6, 1, 4, 3, '2025-09-17 14:59:06', '2025-10-01 03:01:19'),
	(95, '181220049', 'SISTEM INFORMASI GEOGRAFIS PEMETAAN MASJID DI KOTA PONTIANAK DENGAN METODE HAVERSINE FORMULA BERBASIS ANDROID', 'Lulus', '2022-07-29', NULL, 1, 6, 2, 1, 5, '2025-09-17 14:59:06', '2025-10-01 03:02:50'),
	(96, '181220055', 'Klasifikasi Tingkat Rawan Kebakaran Hutan Berdasarkan Penyebaran (Hotspot) Di Kalimantan Barat Menggunakan Metode Scoring Berbasis Webgis', 'Lulus', '2022-08-23', NULL, 1, 2, 6, 1, 5, '2025-09-17 14:59:06', '2025-10-01 03:03:16'),
	(97, '171220619', 'PERANCANGAN OTOMATISASI PEMBERI PAKAN IKAN DAN PERBERSIH AQUARIUM DENGAN SENSOR ULTRASONIK MENGGUNAKAN ARDUINO', 'Lulus', '2022-08-23', NULL, 1, 1, 7, 6, 2, '2025-09-17 14:59:06', '2025-10-01 02:54:09'),
	(98, '171220556', 'PERANCANGAN ALAT PENDETEKSI KADAR POLUSI UDARA BERBASIS IoT MENGGUNAKAN SENSOR MQ-7, MQ-2, DAN SHARP GP2Y1014AU0F', 'Lulus', '2022-08-31', NULL, 1, 1, 7, 2, 3, '2025-09-17 14:59:06', '2025-10-01 02:53:47'),
	(99, '181220059', 'KLASIFIKASI PENYAKIT INFEKSI SALURAN PERNAFASAN AKUT (ISPA) MENGGUNAKAN METODE NAÏVE BAYES PADA PUSKESMAS SIDUK KAYONG UTARA', 'Lulus', '2022-08-31', NULL, 1, 1, 7, 3, 2, '2025-09-17 14:59:06', '2025-10-01 03:03:34'),
	(100, '171220848', 'SISTEM PENDUKUNG KEPUTUSAN PENERIMA BANTUAN RUMAH LAYAK HUNI DENGAN METODE SIMPLE ADDITIVE WEIGHTING (SAW) DAN RANC ORDER CENTROID (ROC) BERBASIS WEB', 'Lulus', '2022-08-31', NULL, 1, 4, NULL, 5, 6, '2025-09-17 14:59:06', '2025-10-01 02:56:50'),
	(101, '181220054', 'DATA MINING UNTUK MENDETEKSI KLASIFIKASI PENDERITA KANGKER PARU-PARU MENGGUNAKAN ALGORITMA NAÏVE BAYES', 'Lulus', '2022-08-31', NULL, 1, 5, 3, 1, 2, '2025-09-17 14:59:06', '2025-10-01 03:03:10'),
	(102, '171220477', 'RANCANG BANGUN SISTEM INFORMASI PEMILIHAN MOBIL BEKAS DENGAN METODE SMART DAN WP PADA TOKO KENDARAAN PONTIANAK (TKP) BERBASIS WEB', 'Lulus', '2022-08-31', NULL, 1, 3, 2, 1, 4, '2025-09-17 14:59:06', '2025-10-01 02:53:07'),
	(103, '181220040', 'HAVERSINE FORMULA UNTUK PENCARIAN LOKASI TERDEKAT PUSKESMAS DI ZONA RAWAN KECELAKAAN LALU LINTAS DI KABUPATEN MEMPAWAH', 'Lulus', '2022-08-31', NULL, 1, 6, 2, 4, 3, '2025-09-17 14:59:06', '2025-10-01 03:02:06'),
	(104, '181220047', 'SISTEM PENDUKUNG KEPUTUSAN KELAYAKAN REHABILITAS BANGUNAN SEKOLAH TINGKAT SMP MENGGUNAKAN METODE ROC DAN MOORA DI KABUPATEN KUBU RAYA', 'Lulus', '2022-09-16', NULL, 1, 2, 3, 5, 6, '2025-09-17 14:59:06', '2025-10-01 03:02:41'),
	(105, '181220012', 'Sistem Prediksi Penjualan Obat Berbasis Web Menggunakan Metode Least Square', 'Lulus', '2022-09-16', NULL, 1, 3, 5, 4, 2, '2025-09-17 14:59:06', '2025-10-01 02:58:35'),
	(106, '171220356', 'SISTEM PAKAR DIAGNOSA PENYAKIT STROKE PADA LANSIA RENTANG UMUR 60-74 TAHUN MENGGUNAKAN METODE FORWARD CHAINING DAN CERTAINTY FACTOR', 'Lulus', '2022-09-16', NULL, 1, 1, 7, 3, 4, '2025-09-17 14:59:06', '2025-10-01 02:52:37'),
	(107, '181220079', 'PENERAPAN METODE CERTAINTY FACTOR DALAM SISTEM PAKAR DETEKSI KERUSAKAN PADA MESIN TRUK BERBASIS ANDROID', 'Lulus', '2022-09-16', NULL, 1, 4, 7, 6, 5, '2025-09-17 14:59:06', '2025-10-01 03:07:10'),
	(108, '181220086', 'PENERAPAN SHOELACE FORMULA UNTUK PEMETAAN DAN MONITORING POTENSI PETERNAKAN DI DINAS PERIKANAN DAN KELAUTAN (Studi kasus bidang peternakan kabupaten bengkayang)', 'Lulus', '2022-10-03', NULL, 1, 6, 3, 2, 4, '2025-09-17 14:59:06', '2025-10-01 03:07:37'),
	(109, '181220093', 'SISTEM PENDUKUNG KEPUTUSAN PEMILIHAN CALON PETANI DAN CALON LAHAN (CPCL) SEKTOR PERTANIAN TANAMAN PANGAN BERBASIS WEBSITE DI DINAS PANGAN, PERTANIAN DAN PERKEBUNAN KABUPATEN BENGKAYANG MENGGUNAKAN METODE MOORA DAN SAW', 'Lulus', '2022-09-30', NULL, 1, 1, 7, 2, 5, '2025-09-17 14:59:06', '2025-10-01 03:08:24'),
	(110, '181220100', 'Klasifikasi Motif Kain Tenun Sambas Menggunakan Backpropagation Berdasarkan Ciri Glcm ( Gray Level Co-Occurrence Matrix )', 'Lulus', NULL, NULL, 1, 5, 3, 2, 4, '2025-09-17 14:59:06', '2025-10-01 03:08:49'),
	(111, '20222098', 'Deteksi Tumor Otak Menggunakan Metode Deteksi Tepi Canny Pada Citra Mri (Magnetic Resonance Imaging)', 'Lulus', NULL, NULL, 1, 5, 6, 2, 1, '2025-09-17 14:59:06', '2025-10-01 03:36:18'),
	(112, '181220098', 'Implementasi Algoritma Regresi Linear Berganda Untuk Memprediksi Harga Rumah Di Kota Pontianak', 'Lulus', NULL, NULL, 1, 1, 7, 6, 2, '2025-09-17 14:59:06', '2025-10-01 03:08:44'),
	(113, '181220045', 'Identifikasi Ular Berbisa Berbasis Pengolahan Citra Digital Menggunakan Metode Glcm Pada Genus Bungarus, Lycodon Dan Laticauda', 'Lulus', NULL, NULL, 1, 5, 3, 6, 4, '2025-09-17 14:59:06', '2025-10-01 03:02:22'),
	(114, '181220032', 'Pemetaan Kawasan Konservasi Dan Batas Wilayah Dengan Metode Pengindraan Jauh Dan Operasi Berbasis Spasial', 'Lulus', NULL, NULL, 1, 6, 2, 5, 3, '2025-09-17 14:59:06', '2025-10-01 03:01:30'),
	(115, '171220065', 'Rancang Bangun Prototipe Sistem Monitoring Kualitas Air Pada Ikan Arwana Menggunakan Sensor Ph Meter Module Ph-4502C, Sensor Suhu Ds18B20 Dan Analog Turbidity Sensor', 'Lulus', NULL, NULL, 1, 1, 2, 6, 3, '2025-09-17 14:59:06', '2025-10-01 02:51:33'),
	(116, '181220116', 'Prediksi Tingkat Kasus Kriminalitas Menggunakan Regresi Linier Berganda Di Kota Pontianak', 'Lulus', '2023-02-06', NULL, 1, 2, 1, 6, 5, '2025-09-17 14:59:06', '2025-10-01 03:09:33'),
	(117, '171220661', 'Mengidentifikasi Wilayah Berpontesi Banjir Di Kabupaten Sintang Menggunakan Metode Weighted Overlay Berbasis Sistem Informasi Geografis', 'Lulus', '2023-02-06', NULL, 1, 1, 3, 4, 2, '2025-09-17 14:59:06', '2025-10-01 02:54:20'),
	(118, '171220266', 'Pengamanan Teks Menggunakan Kriptografi Vigenere Cipher Dan Table Ascii Dalam Kunci Berlapis', 'Lulus', '2023-02-06', NULL, 1, 2, 4, 3, 1, '2025-09-17 14:59:06', '2025-10-01 02:52:14'),
	(119, '171220709', 'Sistem Peramalan Penjualan Aplang Obic Dengan Metode Singel Exponential Smothing Berbasis Web Dikabupaten Ketapang', 'Lulus', '2023-02-06', NULL, 1, 1, 7, 2, 4, '2025-09-17 14:59:06', '2025-10-01 02:55:55'),
	(120, '171220757', 'Sistem Penerimaan Karyawan Baru Dengan Metode Weighted Product (Wp) Dan Simple Addative Weighting (Saw) Berbasis Web Pada Pt. Lanang Agro Bersatu', 'Lulus', '2023-02-06', NULL, 1, 4, NULL, 1, 2, '2025-09-17 14:59:06', '2025-10-01 02:56:23'),
	(121, '181220022', 'Sistem Informasi Geografis Pemetaan Ruang Terbuka Hijau Berbasis Web Menggunakan Algoritma Haversine Formula Di Kota Pontianak', 'Lulus', NULL, NULL, 1, 6, 3, 4, 1, '2025-09-17 14:59:06', '2025-10-01 03:00:45'),
	(122, '171220705', 'Sistem Informasi Geografis Pelayan Kesehatan Imunisasi Menggunakan Metode Djiktra Berbasis Website', 'Lulus', NULL, NULL, 1, 1, 2, 4, 3, '2025-09-17 14:59:06', '2025-10-01 02:55:50'),
	(123, '171221090', 'Pembangunan Sistem Pendukung Keputusan Rekomendasi Kamera Dan Lensa Semi-Pro Untuk Fotografer Pemula Menggunakan Metode Weighted Sum Model', 'Lulus', NULL, NULL, 1, 1, 2, 3, 4, '2025-09-17 14:59:06', '2025-10-01 02:57:23'),
	(124, '181220051', 'Penerapan Metode Random Forest Regression Untuk Memprediksi Harga Emas', 'Lulus', NULL, NULL, 1, 1, NULL, 2, 3, '2025-09-17 14:59:06', '2025-10-01 03:03:00'),
	(125, '171220842', 'Penerapan Algoritma C 5.0 Pada Penilaian Kinerja Kurir Shopee Expres Hub Pontianak Utara', 'Lulus', NULL, NULL, 1, 1, 4, 6, 2, '2025-09-17 14:59:06', '2025-10-01 02:56:39'),
	(126, '181220090', 'Peramalan Stok Barang Wazzy Laundry Dengan Metode Single Moving Average Dan Single Exponential Smoothing', 'Lulus', NULL, NULL, 1, NULL, 1, 6, 2, '2025-09-17 14:59:06', '2025-10-01 03:07:47'),
	(127, '181220066', 'Implementasi Convolution Neural Network (Cnn) Dan K Fold Cross Validation Untuk Klasifikasi Jenis Spesies Ikan Laut', 'Lulus', NULL, NULL, 1, 5, 3, 6, 1, '2025-09-17 14:59:06', '2025-10-01 03:05:06'),
	(128, '191220005', 'Penerapan Metode Regresi Linier Berganda Untuk Memprediksi Produksi Panen Kelapa Sawit', 'Lulus', '2023-03-30', NULL, 1, 1, NULL, 5, 6, '2025-09-17 14:59:06', '2025-10-01 03:11:16'),
	(129, '192220007', 'Sistem Prediksi Jumlah Penumpang Kapal Di Kantor Kesyahbandaran Dan Otoritas Pelabuhan Ketapang Menggunakan Metode Double Exponential Smoothing', 'Lulus', '2023-03-30', NULL, 1, 4, 7, 2, 1, '2025-09-17 14:59:06', '2025-10-01 03:24:33'),
	(130, '181220018', 'Pemilihan Pembayaran Digital Pada E-Marketplace Menggunakan Metode Analytical Hierarchy Process (Ahp) Dan Electre', 'Lulus', '2023-03-30', NULL, 1, 1, 7, 2, 3, '2025-09-17 14:59:06', '2025-10-01 02:59:03'),
	(131, '181220065', 'Pemetaan Lokasi Menara Telekomunikasi Di Kecamatan Sungai Raya Menggunakan Metode Location Based Service (Lbs)', 'Lulus', '2023-03-31', NULL, 1, 6, 3, NULL, NULL, '2025-09-17 14:59:06', '2025-10-01 03:04:52'),
	(132, '181220019', 'Geofencing Lokasi Rawan Pencurian Sepeda Motor Di Kota Pontianak Berbasis Android', 'Lulus', '2023-03-31', NULL, 1, 6, 2, 1, 3, '2025-09-17 14:59:06', '2025-10-01 02:59:28'),
	(133, '181220046', 'Predisi Jumlah Penduduk Kabupaten Kapuas Hulu Berdasarkan Jenis Kelamin Menggunakan Metode Backpropagation', 'Lulus', '2023-03-30', NULL, 1, 5, 2, 3, 6, '2025-09-17 14:59:06', '2025-10-01 03:02:36'),
	(134, '181220108', 'Deteksi Hoax Pada Media Berita Indonesia Menggunakan Metode Support Vector Machine', 'Lulus', '2023-04-14', NULL, 1, 5, 3, 1, 6, '2025-09-17 14:59:06', '2025-10-01 03:09:23'),
	(135, '181220091', 'Optimasi Traveling Salesman Problem (Tsp) Menggunakan Algoritma Genetika Dan Google Maps Api Untuk Kasus Ekspedisi Paris 2 Berbasis Web Gis', 'Lulus', '2023-04-14', NULL, 1, 6, 2, 1, 4, '2025-09-17 14:59:06', '2025-10-01 03:08:01'),
	(136, '171221086', 'Sistem Pendukung Keputusan Pemilihan Ukm Universitas Muhammadiyah Pontianak Menggunakan Metode Ahp Dan Saw Berbasis Web', 'Lulus', '2023-04-19', NULL, 1, 4, 7, 1, 3, '2025-09-17 14:59:06', '2025-10-01 02:57:17'),
	(137, '181220053', 'Penerapan Data Clustering Penduduk Kurang Mampu Di Desa Mekar Baru Menggunakan Algoritma K-Means', 'Lulus', '2023-04-19', NULL, 1, 1, NULL, 4, 2, '2025-09-17 14:59:06', '2025-10-01 03:03:06'),
	(138, '171220669', 'Sistem Pendukung Keputusan Untuk Pembelian Smartphone Dengan Menggunakan Metode Fuzzy Topsis', 'Lulus', '2023-04-19', NULL, 1, 1, 7, 3, 2, '2025-09-17 14:59:06', '2025-10-01 02:54:31'),
	(139, '181220070', 'Deteksi Kematangan Pada Buah Sawit Menggunakan Metode Glcm Dengan Algoritma Som', 'Lulus', '2023-04-19', NULL, 1, 4, NULL, 1, 6, '2025-09-17 14:59:06', '2025-10-01 03:05:59'),
	(140, '171220583', 'Sistem Peramalan Penjualan Menggunakan Metode Double Exponential Smoothing Berbasis Web (Studi Kasus : Iwan Mart)', 'Lulus', '2023-04-19', NULL, 1, 1, 2, 4, 3, '2025-09-17 14:59:06', '2025-10-01 03:26:58'),
	(141, '171220201', 'Sistem Prediksi Harga Pangan Mengunakan Metode Singel Exponential Smoothing Berbasis Web Di Pasar Flamboyan Pontianak', 'Lulus', '2023-06-14', NULL, 1, 1, 7, 3, 2, '2025-09-17 14:59:06', '2025-10-01 02:51:50'),
	(142, '202220110', 'Implementasi Algortima Genetika Pada Penjadwalan Mata Kuliah Di Program Studi Teknik Informatika Universitas Muhammadiyah Pontianak', 'Lulus', '2023-06-14', NULL, 1, 1, NULL, 4, 3, '2025-09-17 14:59:06', '2025-10-01 03:35:44'),
	(143, '181220042', 'Klasifikasi Kesehatan Janin Menggunakan Metode K-Nearest Neighbor Dan Metode Seleksi Fitur Relief-F', 'Lulus', '2023-06-14', NULL, 1, 1, 4, 3, 5, '2025-09-17 14:59:06', '2025-10-01 03:02:11'),
	(144, '181220060', 'Jaringan Syaraf Tiruan Untuk Menentukan Kesegaran Ikan Nila Berdasarkan Citra Insang Menggunakan Metode Lvq (Learning Vektor Quantization)', 'Lulus', '2023-06-16', NULL, 1, 3, 6, NULL, NULL, '2025-09-17 14:59:06', '2025-10-01 03:03:40'),
	(145, '181220005', 'Prediksi Kebutuhan Lisrtik Di Kota Pontianak Menggukan Metode Regrsi Linier', 'Lulus', '2023-06-30', NULL, 1, 5, 7, NULL, NULL, '2025-09-17 14:59:06', '2025-10-01 02:58:21'),
	(146, '181220101', 'Sistem Pendukung Keputusan Menentukan Kelayakan Pemberian Bantuan Pupuk Bersubsidi Di Kecamatan Salatiga Menggunakan Metode Saw Dan Smart', 'Lulus', '2023-06-30', NULL, 1, 3, 2, 4, 1, '2025-09-17 14:59:06', '2025-10-01 03:09:00'),
	(147, '191220065', 'Komparasi Algoritma K-Nearest Neighbors (K-Nn) Dan Algoritma Adaptive Boosting (Adaboost) Untuk Klasifikasi Tingkat Kepuasan Penumpang Di Maskapai Penerbangan', 'Lulus', '2023-08-11', NULL, 1, 4, 7, 3, 1, '2025-09-17 14:59:06', '2025-10-01 03:23:35'),
	(148, '181220058', 'Sistem Informasi Geografis Pencarian Rute Terpendek Lokasi Inseminator Di Ketapang Berbasis Web Menggunakan Algoritma A* (Star)', 'Lulus', '2023-08-11', NULL, 1, 2, 3, NULL, NULL, '2025-09-17 14:59:06', '2025-10-01 03:03:30'),
	(149, '202220096', 'Pengembangan Material Design Pada Aplikasi Pembelajaran Sholat Menggunakan Flutter', 'Data Tidak Lengkap', '2023-08-28', NULL, 1, 1, 2, NULL, NULL, '2025-09-17 14:59:06', '2025-09-17 14:59:06'),
	(150, '191220049', 'Penerapan Metode Collaborative Filtering Untuk Rekomendasi Tempat Kos Di Sekitar Kampus Um Pontianak', 'Lulus', '2023-08-28', NULL, 1, 4, 7, 6, 3, '2025-09-17 14:59:06', '2025-10-01 03:22:00'),
	(151, '191220079', 'Prediksi Harga Smartphone Berdasarkan Fitur-Fitur Pada Smarthphone Dengan Random Forest Regression', 'Lulus', '2023-08-28', NULL, 1, 4, 7, 3, 1, '2025-09-17 14:59:06', '2025-10-01 03:23:46'),
	(152, '191220041', 'Klasifikasi Penyakit Kanker Serviks Menggunakan Algoritma Extreme Gradient Boosting (Xgboost))', 'Lulus', '2023-08-28', NULL, 1, 1, NULL, 6, 2, '2025-09-17 14:59:06', '2025-10-01 03:20:52'),
	(153, '191220008', 'Sistem Informasi Geografis Penyebaran Kasus Tuberkulosis Menggunakan Heatmap Berbasis Website (Studi Kasus Puskesmas Perumnas Ii)', 'Lulus', '2023-09-01', NULL, 1, 6, 2, 1, 4, '2025-09-17 14:59:06', '2025-10-01 03:11:22'),
	(154, '182220114', 'Penerapan Metode Analytical Hierarchy Process (Ahp) Dalam Menentukan Penerima Bantuan Peningkatan Kualitas Perumahan Di Dinas Perumahan Rakyat Dan Kawasan Permukiman Pemerintah Kota Pontianak', 'Lulus', '2023-09-01', NULL, 1, 5, 6, NULL, NULL, '2025-09-17 14:59:06', '2025-10-01 03:10:03'),
	(155, '191220021', 'Implementasi Data Mining Untuk Klasifikasi Penyakit Hepatitis C Menggunakan Algoritma Random Forest.', 'Data Tidak Lengkap', '2023-09-01', NULL, 1, 3, 5, NULL, NULL, '2025-09-17 14:59:06', '2025-09-17 14:59:06'),
	(156, '191220036', 'Analisis Clustering Penyebaran Demam Berdarah Dengue Pada Kota Pontianak Dengan Algoritma K-Medoids', 'Lulus', '2023-09-20', NULL, 1, 3, 2, NULL, NULL, '2025-09-17 14:59:06', '2025-10-01 03:20:25'),
	(157, '191220022', 'Prediksi Jumlah Penderita Penyakit Tuberkulosis Menggunakan Algoritma Support Vector Regression Di Kota Pontianak', 'Lulus', '2023-09-20', NULL, 1, 3, 2, NULL, NULL, '2025-09-17 14:59:06', '2025-10-01 03:16:46'),
	(158, '201220006', 'Evaluasi Fungsi Aktivasi Pada Model Lstm Untuk Prediksi Ketinggian Air Sungai Kapuas', 'Lulus', '2023-09-20', NULL, 1, 3, 2, 4, 1, '2025-09-17 14:59:06', '2025-10-01 03:24:45'),
	(159, '191220061', 'Perencanaan Perjalanan Wisata Kabupaten Sambas Menggunakan Algoritma Ant Colony Optimization', 'Lulus', '2023-09-20', NULL, 1, 5, 6, NULL, NULL, '2025-09-17 14:59:06', '2025-10-01 03:23:25'),
	(160, '191220050', 'Sistem Informasi Geografis Pemetaan Daerah Rawan Kecelakaan Lalu Lintas Berbasis Website Di Pontianak Kota', 'Lulus', '2023-09-20', NULL, 1, 6, 5, NULL, NULL, '2025-09-17 14:59:06', '2025-10-01 03:22:14'),
	(161, '191220015', 'Implementasi Data Mining Untuk Prediksi Daerah Rawan Penyakit Dbd Menggunakan Algoritma C4.5 (Studi Kasus: Dinas Kesehatan Kabupaten Sanggau)', 'Lulus', '2023-09-20', NULL, 1, 4, 7, NULL, NULL, '2025-09-17 14:59:06', '2025-10-01 03:11:33'),
	(162, '171220612', 'Automatic Trash Bin Berbasis Arduino Uno', 'Lulus', '2023-09-20', NULL, 1, 1, 7, 4, 6, '2025-09-17 14:59:06', '2025-10-01 03:27:06'),
	(163, '171220630', 'Sistem Pakar Diagnosa Penyakit Insomia Menggunakan Metode Forward Chaining Dan Certainty Facto', 'Lulus', '2023-09-20', NULL, 1, 1, 4, 3, 6, '2025-09-17 14:59:06', '2025-10-01 03:27:10'),
	(164, '171220741', 'Klasifikasi Penyakit Tanaman Pada Daun Paprika Menggunakan Convolutional Neural Network', 'Lulus', '2023-09-20', NULL, 1, 1, NULL, 6, 4, '2025-09-17 14:59:06', '2025-10-01 02:56:13'),
	(165, '191220069', 'Implementasi Data Mining Dalam Pengelolaan Stok Obat Di Apotek Mulia Menggunakan Metode K-Means Clustering Dan Association Rules Apriori', 'Lulus', '2023-09-09', NULL, 1, 3, 2, NULL, NULL, '2025-09-17 14:59:06', '2025-10-01 03:27:32'),
	(166, '191220039', 'Pemetaan Penyebaran Kasus Demam Berdarah Dengue (Dbd) Menggunakan Teknik Heatmap Dalam Sistem Informasi Geografis Berbasis Website', 'Lulus', '2023-09-09', NULL, 1, 6, 3, NULL, NULL, '2025-09-17 14:59:06', '2025-10-01 03:27:26'),
	(167, '181220085', 'Sistem Pendukung Keputusan Seleksi Penerima Bantuan Langsung Tunai Di Desa Semparuk Menggunakan Metode Ahp Dan Topsis', 'Lulus', '2023-09-09', NULL, 1, 4, NULL, NULL, NULL, '2025-09-17 14:59:06', '2025-10-01 03:07:31'),
	(168, '171221126', 'Sistem Pakar Diagnosa Penyakit Pada Ayam Pe Daging (Broiler) Menggunakan Metode Forward Chaining Dan Certainty Factor', 'Lulus', '2023-09-09', NULL, 1, 1, 4, 2, 3, '2025-09-17 14:59:06', '2025-10-01 02:57:49'),
	(169, '171220767', 'Rancang Bangun Sistem Informasi Klub Voli “Nomen Nescio” (Nn) Berbasis Website Menggunakan Metode Prototype', 'Lulus', '2023-09-09', NULL, 1, 1, 7, 6, 3, '2025-09-17 14:59:06', '2025-10-01 02:56:28'),
	(170, '171220424', 'Sistem Pakar Kecanduan Game Genshin Impact Terhadap Perilaku Remaja Menggunakan Metode Backward Chaining Berbasis Web', 'Lulus', '2023-10-27', NULL, 1, 1, 7, 2, 3, '2025-09-17 14:59:06', '2025-10-01 02:52:52'),
	(171, '212220091', 'Implementasi Unit Testing Dan End-To-End Testing Pada Sistem Informasi Manajemen Akademik Teknik Informatika', 'Lulus', NULL, NULL, 1, 4, NULL, 1, 6, '2025-09-17 14:59:06', '2025-10-01 03:32:13'),
	(172, '212220110', 'Klasifikasi Kematangan Buah Pisang Ambon Lumut Berdasarkan Fitur Warna Dan Tekstur Dengan K-Nearest Neighbor', 'Lulus', NULL, NULL, 1, 1, NULL, NULL, NULL, '2025-09-17 14:59:06', '2025-10-01 03:32:05'),
	(173, '171220666', 'Klasifikasi Kanker Payudara Menggunakan Algoritma Support Vector Machine (Svm) Berbasis Web', 'Lulus', NULL, NULL, 1, 1, 7, 3, 4, '2025-09-17 14:59:06', '2025-10-01 02:54:25'),
	(174, '171220847', 'Pemilihan Rumah Sakit Bersalin Di Pontianak Menggunakan Metode Weighted Product', 'Lulus', NULL, NULL, 1, 1, 7, 4, 2, '2025-09-17 14:59:06', '2025-10-01 02:56:45'),
	(175, '201220045', 'Implementasi Profile Matching Pada Sistem Pencari Kerja Disabilitas Pontianak', 'Lulus', NULL, NULL, 1, 4, 3, NULL, NULL, '2025-09-17 14:59:06', '2025-10-01 03:28:10'),
	(176, '192220006', 'Sistem Pakar Deteksi Kerusakan Mesin Mobil Toyota Menggunakan Case Based Reasoning Berbasis Android', 'Lulus', NULL, NULL, 1, 3, 2, 5, 6, '2025-09-17 14:59:06', '2025-10-01 03:24:22'),
	(177, '201220051', 'Identifikasi Pola Bahasa Isyarat Indonesia (Bisindo) Menggunakan Algoritma Random Forest', 'Lulus', '2023-12-01', NULL, 1, 5, 3, 1, 6, '2025-09-17 14:59:06', '2025-10-01 03:28:23'),
	(178, '201220027', 'Sistem Pendukung Keputusan Evaluasi Kinerja Untuk Pemilihan Pegawai Terbaik Menggunakan Metode Roc Dan Saw Di Perumda Gunung Poteng Kota Singkawang', 'Data Tidak Lengkap', NULL, NULL, 1, 4, 2, NULL, NULL, '2025-09-17 14:59:06', '2025-09-17 14:59:06'),
	(179, '191220002', 'Sistem Pendeteksi Skala Kerusakan Hutan Menggunakan Metode Forward Chaining Dan Certainty Factor', 'Lulus', '2023-12-14', NULL, 1, 4, 7, NULL, NULL, '2025-09-17 14:59:06', '2025-10-01 03:10:11'),
	(180, '191220048', 'Implementasi Algoritma K-Nearest Neighbour Dalam Klasifikasi Status Gizi Stunting Pada Balita', 'Lulus', NULL, NULL, 1, 4, 3, NULL, NULL, '2025-09-17 14:59:06', '2025-10-01 03:21:15'),
	(181, '201220094', 'Identifikasi Gerakan Tangan Pada Sandi Semaphore Pramuka Secara Realtime Menggunakan Decision Tree', 'Lulus', NULL, NULL, 1, 1, 3, 6, 3, '2025-09-17 14:59:06', '2025-10-01 03:36:26'),
	(182, '191220040', 'Klasifikasi Penyakit Ispa Menggunakan Metode Modified K-Nearest Neighbor (Mknn)', 'Lulus', '2024-01-05', NULL, 1, 1, 2, NULL, NULL, '2025-09-17 14:59:06', '2025-10-01 03:20:46'),
	(183, '171221085', 'Rekomendasi Pemilihan Siswa Berperestasi Di Smp 1 Sepauk Menggunakan Metode Electre', 'Lulus', NULL, NULL, 1, 1, 7, 4, 3, '2025-09-17 14:59:06', '2025-10-01 03:27:16'),
	(184, '191220054', 'Klasifikasi Kebakaran Hutan Dan Lahan Menggunakan Algoritma Naive Bayes Classifier', 'Lulus', NULL, NULL, 1, 3, NULL, NULL, NULL, '2025-09-17 14:59:06', '2025-10-01 03:22:24'),
	(185, '201220075', 'Komparasi Metode Fuzzy Ahp Dan Fuzzy Topsis Dalam Pemilihan Universitas Swasta Di Kota Pontianak', 'Lulus', '2024-01-08', NULL, 1, 2, 4, NULL, NULL, '2025-09-17 14:59:06', '2025-10-01 03:31:03'),
	(186, '201220020', 'Sistem Pendukung Keputusan Penentuan Hadiah Bagi Pelanggan Prioritas Menggunakan Metode Wp Dan Saw', 'Lulus', NULL, NULL, 1, 6, 2, NULL, NULL, '2025-09-17 14:59:06', '2025-10-01 03:25:25'),
	(187, '202220030', 'Sistem Informasi Geografis Pemetaan Penyebaran Lokasi Pelanggan Pdam Tirta Melawi Menggunakan Chorolopleth Map', 'Lulus', NULL, NULL, 1, 6, 2, NULL, NULL, '2025-09-17 14:59:06', '2025-10-01 03:35:56'),
	(188, '201220029', 'Sistem Pendukung Keputusan Identifikasi Balita Stunting Menggunakan Metode Topsis Dan Visualisasi Dengan Webgis', 'Lulus', '2024-03-26', NULL, 1, 4, 6, 5, 2, '2025-09-17 14:59:06', '2025-10-01 03:26:03'),
	(189, '181220061', 'Perbandingan Metode Mechine Learning Logistic Regression Dan Naive Bayes Untuk Klasifikasi Penyakit Ginjal', 'Lulus', NULL, NULL, 1, 1, 7, 3, 2, '2025-09-17 14:59:06', '2025-10-01 03:03:45'),
	(190, '201220035', 'Penerapan Text Mining Analisis Sentimen Pengguna Aplikasi Qara’a Berdasarkan Ulasan Menggunakan Algoritma Support Vector Machine (Svm)', 'Lulus', NULL, NULL, 1, 1, 2, 5, 6, '2025-09-17 14:59:06', '2025-10-04 09:58:16'),
	(191, '191220010', 'Implementasi Data Mining Menggunakan Metode Naive Bayes Pada Persediaan Obat Berbasis Web', 'Lulus', NULL, NULL, 1, 5, 2, NULL, 6, '2025-09-17 14:59:06', '2025-10-01 03:11:28'),
	(192, '201220102', 'Klasifikasi Penyakit Hepatitis Menggunakan Algoritma Catboost', 'Lulus', NULL, NULL, 1, 3, 5, 2, 1, '2025-09-17 14:59:06', '2025-10-01 03:36:05'),
	(193, '222220123', 'Sistem Pengenalan Jenis Ikan Menggunakan Metode Yolo Dalam Pelayanan Usaha Masyarakat Konservasi Sungai Nibung', 'Lulus', '2024-03-03', NULL, 1, 1, 7, 3, 6, '2025-09-17 14:59:06', '2025-10-01 03:31:41'),
	(194, '181220122', 'Menerapkan Jaringan Syaraf Tiruan Dalam Prediksi Persediaan Obat Menggunakan Metode Backpropagation', 'Lulus', '2024-03-03', NULL, 1, 1, 2, 3, 4, '2025-09-17 14:59:06', '2025-10-01 03:09:51'),
	(195, '201220090', 'Klasifikasi Pemilihan Bibit Unggul Kelapa Sawit Menggunakan Algoritma Naive Bayes', 'Lulus', NULL, NULL, 1, 3, 6, 1, 2, '2025-09-17 14:59:06', '2025-10-01 03:36:42'),
	(196, '191220055', 'Implementasi Data Mining Untuk Klasifikasi Sms Spam Menggunakan Algoritma Support Vector Machine (Svm)', 'Lulus', NULL, NULL, 1, 2, 5, 6, 1, '2025-09-17 14:59:06', '2025-10-01 03:22:29'),
	(197, '191220059', 'Penerapan Metode Naïve Bayes Untuk Mengukur Tingkat Kepuasan Pelanggan Cafe Berbasis Web ( Studi Kasus Popina Bistro And Café )', 'Lulus', '2024-06-03', NULL, 1, 2, 6, 1, 5, '2025-09-17 14:59:06', '2025-10-01 03:23:20'),
	(198, '201220041', 'Penerapan Algoritma Naive Bayes Untuk Memprediksi Penyakit Diare Pada Puskesmas Bunut Hilir', 'Lulus', '2024-06-03', NULL, 1, 3, 2, 5, 4, '2025-09-17 14:59:06', '2025-10-01 03:27:50'),
	(199, '191220078', 'Pemetaan Lokasi Rawan Banjir Dengan Metode Ahp Berbasis Webgis', 'Lulus', NULL, NULL, 1, 4, 7, 6, 1, '2025-09-17 14:59:06', '2025-10-01 03:27:41'),
	(200, '191220080', 'Peningkatan Efisiensi Penjualan Restoran Grillme Pontianak Melalui Prediksi Kebutuhan Nasi Dengan Algoritma Backpropagation', 'Lulus', NULL, NULL, 1, 1, 3, 2, 4, '2025-09-17 14:59:06', '2025-10-01 03:23:54'),
	(201, '222220051', 'Monitoring Kinerja Perangkat Jaringan Dengan Menggunakan Metode Simple Network Management Protocol (Snmp)', 'Lulus', NULL, NULL, 1, 1, 2, 6, 4, '2025-09-17 14:59:06', '2025-10-01 03:31:56'),
	(202, '191220025', 'Penerapan Metode Algoritma Apriori Untuk Rekomendasi Buku Di Perpustakaan Digital', 'Lulus', NULL, NULL, 1, 2, 6, 1, 3, '2025-09-17 14:59:06', '2025-10-01 03:19:10'),
	(203, '201220024', 'Perbandingan Fungsi Optimizer Pada Klasifikasi Diabetes Menggunakan Metode Feed Forward', 'Lulus', '2024-06-20', NULL, 1, 1, 3, 5, 4, '2025-09-17 14:59:06', '2025-10-01 03:25:44'),
	(204, '181220119', 'Perbandingan Metode Naïve Bayes Dengan Metode Support Vector Machine Dalam Mendeteksi Berita Hoax', 'Lulus', NULL, NULL, 1, 1, 4, 3, 6, '2025-09-17 14:59:06', '2025-10-01 03:09:46'),
	(205, '191220028', 'Klasifikasi Obesitas Menggunakan Metode Decision Tree C4.5 Berbasis Website', 'Lulus', NULL, NULL, 1, 1, 7, 2, 3, '2025-09-17 14:59:06', '2025-10-01 03:19:29'),
	(206, '171220584', 'Perbandingan Metode Svm Dan Random Forest Terhadap Analisis Sentimen Ulasan Aplikasi M-Paspor', 'Lulus', NULL, NULL, 1, 1, 2, 3, 4, '2025-09-17 14:59:06', '2025-10-01 03:27:02'),
	(207, '171220446', 'Sistem Informasi Geografis Pengelolaan Aset Tanah Dan Bangunan Pemerintahan Kota Pontianak', 'Lulus', NULL, NULL, 1, 1, 6, 3, 4, '2025-09-17 14:59:06', '2025-10-01 02:53:02'),
	(208, '201220034', 'Penerapan Algoritma K-Means Untuk Clustering Peminjaman Buku Di Perpustakaan Provinsi Kalimantan Barat', 'Data Tidak Lengkap', '2024-07-01', NULL, 1, 4, 6, NULL, 2, '2025-09-17 14:59:06', '2025-09-17 14:59:06'),
	(209, '181220056', 'Prediksi Harga Laptop Gaming Menggunakan Metode Support Vector Machine (Svm)', 'Lulus', NULL, NULL, 1, 3, 2, 5, 1, '2025-09-17 14:59:06', '2025-10-01 03:03:20'),
	(210, '181220092', 'Perbandingan Metode Linear Regression Dan Arima Untuk Memprediksi Penjualan Toko Eiger (Studi Kasus Eiger Cabang Sumatera Pontianak)', 'Lulus', NULL, NULL, 1, 1, 2, 4, 3, '2025-09-17 14:59:06', '2025-10-01 03:08:18'),
	(211, '181220021', 'Implementasi Data Mining Prediksi Menentukan Kelancaran Pembayaran Koperasi Cu Lantang Tipo Menggunakan Algoritma C4.5', 'Lulus', NULL, NULL, 1, 1, 4, 2, 3, '2025-09-17 14:59:06', '2025-10-01 02:59:40'),
	(212, '181220067', 'Prediksi Harga Mobil Bekas Menggunakan Algoritma K-Nearest Neighbors ( Knn )', 'Lulus', NULL, NULL, 1, 3, 2, 1, 6, '2025-09-17 14:59:06', '2025-10-01 03:05:12'),
	(213, '181220044', 'Perbandingan Algoritma Naive Bayes Dan Knn Untuk Klasifikasi Penyakit Serangan Jantung', 'Lulus', NULL, NULL, 1, 2, 3, 5, 4, '2025-09-17 14:59:06', '2025-10-01 03:02:17'),
	(214, '181220071', 'Prediksi Penyakit Jantung Dengan Menggunakan Perbandingan Algoritma', 'Lulus', NULL, NULL, 1, 1, 4, 5, 2, '2025-09-17 14:59:06', '2025-10-01 03:06:28'),
	(215, '181220020', 'Prediksi Ketinggian Air Sungai Kapuas Dengan Menggunakan Algoritma Naive Bayes', 'Lulus', NULL, NULL, 1, 1, 4, 3, 2, '2025-09-17 14:59:06', '2025-10-01 02:59:34'),
	(216, '201220097', 'Meniminasi Rute Wisata Menggunakan Algoritma Genetika Dengan Traveling Salesman Problem Studi Kasus: Rute Perjalanan Dam Nas Imm (Ikatan Mahasiswa Muhammadiyah)', 'Data Tidak Lengkap', NULL, NULL, 1, 6, 5, 4, 2, '2025-09-17 14:59:06', '2025-09-17 14:59:06'),
	(217, '201220028', 'Penerapan Information Retrieval Dalam Mendeteksi Kemiripan Judul Skripsi Menggunakan Metode Cosine Similarity', 'Lulus', NULL, NULL, 1, 1, 2, 4, 3, '2025-09-17 14:59:06', '2025-10-01 03:25:58'),
	(218, '181220015', 'Perbandingan Model Arsitektur Cnn Untuk Identifikasi Penyakit Kulit Pada Hewan Kucing', 'Lulus', NULL, NULL, 1, 3, 1, 6, 5, '2025-09-17 14:59:06', '2025-10-01 02:58:40'),
	(219, '181220074', 'Prediksi Harga Rumah Sesuai Spesifikasi Menggunakan Metode Backpropagation', 'Lulus', NULL, NULL, 1, 3, 2, 1, 6, '2025-09-17 14:59:06', '2025-10-01 03:06:49'),
	(220, '201220044', 'Implementasi Information Retrieval Aksesibilitas Buku Di Perpustakaan Sman 1 Siantan Dengan Metode Dice Similarity', 'Lulus', NULL, NULL, 1, 4, 6, 5, 1, '2025-09-17 14:59:06', '2025-10-01 03:28:05'),
	(221, '191220057', 'Prediksi Cuaca Menggunakan Algoritma Random Forest', 'Lulus', '2024-07-24', NULL, 1, 4, 3, 2, 5, '2025-09-17 14:59:06', '2025-10-01 03:22:34'),
	(222, '191220035', 'Analisis Sentimen Pada Ulasan Aplikasi Getcontact Menggunakan Algoritma Naïve Bayes', 'Lulus', NULL, NULL, 1, 2, 5, 6, 4, '2025-09-17 14:59:06', '2025-10-01 03:20:06'),
	(223, '201220101', 'Implementasi Metode K-Nearest Neighbor Dalam Klasifikasi Penyakit Menular Seksual', 'Lulus', NULL, NULL, 1, 2, 6, NULL, 4, '2025-09-17 14:59:06', '2025-10-01 03:36:13'),
	(224, '201220043', 'Implementasi Metode K-Nearest Neighbor Dalam Klasifikasi Penyakit Menular Seksual', 'Lulus', NULL, NULL, 1, 1, 2, 6, 3, '2025-09-17 14:59:06', '2025-10-01 03:28:00'),
	(225, '201220088', 'Implementasi Metode Promethee Dalam Menentukan Prioritas Perbaikan Sarana Dan Prasarana Sekolah Dasar Di Kota Pontianak', 'Lulus', NULL, NULL, 1, 5, 3, 1, 4, '2025-09-17 14:59:06', '2025-10-01 03:31:27'),
	(226, '201220015', 'Aplikasi Bantuan Hukum Layanan Perceraian Menggunakan Metode Breadth First Search', 'Lulus', NULL, NULL, 1, 6, 5, 4, 1, '2025-09-17 14:59:06', '2025-10-01 03:25:10'),
	(227, '201220081', 'Optimasi Algoritma Random Forest Untuk Klasifikasi Penyakit Pcos (Polycistic Ovary Sindrome)', 'Lulus', NULL, NULL, 1, 5, 2, 1, 6, '2025-09-17 14:59:06', '2025-10-01 03:31:07'),
	(228, '201220036', 'Penerapan Data Mining Dengan Algoritma C5.0 Untuk Klasifikasi Tingkat Obesitas', 'Lulus', '2024-08-12', NULL, 1, 5, 6, 2, 1, '2025-09-17 14:59:06', '2025-10-01 03:26:16'),
	(229, '201220059', 'Analisis Sentimen Pengguna Platform X Terhadap Judi Online Menggunakan Algoritma Naïve Bayes', 'Lulus', NULL, NULL, 1, 5, 2, 1, 6, '2025-09-17 14:59:06', '2025-10-01 03:30:27'),
	(230, '191220052', 'Sistem Pakar Diagnosa Kerusakan Komputer Menggunakan Metode Certainty Factor', 'Lulus', NULL, NULL, 1, 4, 6, NULL, 5, '2025-09-17 14:59:06', '2025-10-01 03:22:19'),
	(231, '201220091', 'Implementasi Metode Topsis Dan Ahp Dalam Sistem Pendukung Keputusan Kelayakan Penerima Jasa Tutor Paud', 'Lulus', NULL, NULL, 1, 4, NULL, 3, 1, '2025-09-17 14:59:06', '2025-10-01 03:36:35'),
	(232, '181220039', 'Klasifikasi Untuk Identifikasi Keluarga Beresiko Stunting Dengan Menggunakan Algoritma Naive Bayes', 'Lulus', NULL, NULL, 1, 1, 2, 6, 4, '2025-09-17 14:59:06', '2025-10-01 03:02:01'),
	(233, '181220050', 'Klasifikasi Kualitas Udara Di Kota Pontianak Menggunakan Metode Decision Tree C4.5', 'Lulus', NULL, NULL, 1, 1, 3, 4, 5, '2025-09-17 14:59:06', '2025-10-01 03:02:55'),
	(234, '181220062', 'Klasifikasi Jenis Tanaman Obat Tradisional Di Pontianak Menggunakan Algoritma Decision Tree Dan Random Forest', 'Lulus', NULL, NULL, 1, 1, 2, 6, 3, '2025-09-17 14:59:06', '2025-10-01 03:03:53'),
	(235, '201220057', 'Identifikasi Ekspresi Wajah Menggunakan Metode Convolutional Neural Network (Cnn)', 'Lulus', '2024-08-15', NULL, 1, 1, 2, 5, 6, '2025-09-17 14:59:06', '2025-10-01 03:38:23'),
	(236, '201220100', 'Penerapan Metode Learning Vector Quantization (Lvq) Dalam Pengolahan Citra Digital Untuk Deteksi Penyakit Kulit', 'Data Tidak Lengkap', '2024-08-15', NULL, 1, 4, 3, 5, 2, '2025-09-17 14:59:06', '2025-09-17 14:59:06'),
	(237, '191220016', 'Implementasi Algoritma Naive Bayes Untuk Memprediksi Anak Sma Berpotensi Putus Sekolah', 'Lulus', '2024-08-15', NULL, 1, 3, 6, 5, 2, '2025-09-17 14:59:06', '2025-10-01 03:11:38'),
	(238, '201220066', 'Rancang Bangun Sistem Inventaris Barang Berbasis Web Menggunakan Menggunakan Algoritma Tf-Idf', 'Lulus', '2024-09-02', NULL, 1, 6, 2, 4, 3, '2025-09-17 14:59:06', '2025-10-01 03:30:37'),
	(239, '201220049', 'Pengujian Pada Sistem Layanan Mandiri Desa Parit Baru Menggunakan Broken Access Control', 'Lulus', NULL, NULL, 1, 2, 3, 4, 1, '2025-09-17 14:59:06', '2025-10-01 03:28:16'),
	(240, '191220024', 'Sistem Pakar Diagnosa Penyakit Tanaman Jeruk Menggunakan Metode Certainty Factor', 'Lulus', NULL, NULL, 1, 3, 4, 5, 1, '2025-09-17 14:59:06', '2025-10-01 03:18:55'),
	(241, '201220060', 'Prediksi Penentuan Kelas Berdasarkan Pilihan Mata Pelajaran Menggunakan Algoritma C4.5 Pada Kurikulum Merdeka Di Sman 2 Singkawang', 'Lulus', '2024-09-03', NULL, 1, 3, 1, 2, 6, '2025-09-17 14:59:06', '2025-10-01 03:30:22'),
	(242, '201220010', 'Klasifikasi Tingkat Kepuasan Pelayanan Pembuatan Paspor Kantor Imigrasi Pontianak Algoritma Naive Bayes', 'Lulus', '2024-09-03', NULL, 1, 4, 2, 1, 6, '2025-09-17 14:59:06', '2025-10-01 03:24:52'),
	(243, '201220032', 'Penjadwalan Maintenace Mesin Produksi Menggunakan Algoritma Genetika', 'Lulus', '2024-09-03', NULL, 1, 5, 6, 1, NULL, '2025-09-17 14:59:06', '2025-10-01 03:26:08'),
	(244, '201220055', 'Penerapan Metode Backward Chaining Dalam Sistem Pakar Bimbingan Konseling Karir Siswa', 'Lulus', '2024-09-23', NULL, 1, 3, 4, 5, NULL, '2025-09-17 14:59:06', '2025-10-01 03:38:18'),
	(245, '222220059', 'Implementasi Simple Queue Dan Filtering Content Untuk Manajemen Bandwidth Pada Jaringan Wlan Dan Lan', 'Lulus', NULL, NULL, 1, 1, 2, 3, 6, '2025-09-17 14:59:06', '2025-10-01 03:31:48'),
	(246, '201220065', 'Sistem Pendukung Keputusan Pemilihan Bidan Di Klinik Ji Li Ngo Kota Singkawang Menggunakan Metode Moora', 'Lulus', NULL, NULL, 1, 4, 3, 5, 2, '2025-09-17 14:59:06', '2025-10-01 03:30:33'),
	(247, '181220024', 'Sistem Pendukung Keputusan Penentuan Karyawan Terbaik Metode Ahp Dan Profile Matching Berbasis Web', 'Lulus', NULL, NULL, 1, 1, 2, 4, 3, '2025-09-17 14:59:06', '2025-10-01 03:01:00'),
	(248, '201220084', 'Implementasi Algoritma Random Forest Dalam Klasifikasi Penyakit Pneumonia', 'Lulus', '2024-09-04', NULL, 1, 5, 3, NULL, 2, '2025-09-17 14:59:06', '2025-10-01 03:31:12'),
	(249, '222220092', 'Penerapan Metode Yolov9 Pada Sistem Klasifikasi Jenis Satwa', 'Lulus', NULL, NULL, 1, 5, 6, 3, 1, '2025-09-17 14:59:06', '2025-10-01 03:31:44'),
	(250, '181220037', 'Pengenalan Pola Tulisan Tangan Resep Dokter Menggunakan Metode Naïve Bayes Classifier Pada Puskesmas Sanggau', 'Lulus', '2024-10-21', NULL, 1, 1, 2, 5, 4, '2025-09-17 14:59:06', '2025-10-01 03:01:50'),
	(251, '201220018', 'Sistem Informasi Geografis Penentuan Rute Terdekat Pengangkutan Buat Sawit Menggunakan Algoritma A Star Berbasis Web (Studi Kasus Pt. Bintang Harapan Desa)', 'Lulus', NULL, NULL, 1, 4, 2, 6, 5, '2025-09-17 14:59:06', '2025-10-01 03:25:20'),
	(252, '211220004', 'Sistem Prediksi Link Phishing (Url) Menggunakan Metode Support Vector Machine Berbasis Website', 'Lulus', NULL, NULL, 1, 2, 1, 6, 5, '2025-09-17 14:59:06', '2025-10-01 03:35:14'),
	(253, '222220052', 'Implementasi Session Initattion Protocol Untuk Sistem Adzan Berbasis Voip', 'Lulus', NULL, NULL, 1, 2, 3, 1, 4, '2025-09-17 14:59:06', '2025-10-01 03:31:53'),
	(254, '212220024', 'Perancangan Sistem Identifikasi Kelayakan Air Minum Menggunakan Metode Principal Component Analysis (Pca)', 'Lulus', NULL, NULL, 1, 1, 3, 4, 6, '2025-09-17 14:59:06', '2025-10-01 03:32:19'),
	(255, '181220026', 'Penerapan Metode Forward Chaining Pada Sistem Pakar Deteksi Kerusakan Pada Smartphone Iphone', 'Lulus', '2024-11-08', NULL, 1, 1, 2, 3, 5, '2025-09-17 14:59:06', '2025-10-01 03:01:14'),
	(256, '212220066', 'Penerapan Metode Forward Chaining Pada Sistem Pakar Pemilihan Kanal Frekuensi Radio Untuk Komunikasi Dua Arah Konvensional', 'Lulus', '2024-11-08', NULL, 1, 5, 6, 4, 2, '2025-09-17 14:59:06', '2025-10-01 03:32:22'),
	(257, '211220116', 'Penjadwalan Mata Kuliah Menggunakan Algoritma Genetika Dan Pencarian Tabu', 'Lulus', '2024-11-08', '2025-06-20', 1, 5, 3, 4, 1, '2025-09-17 14:59:06', '2025-10-04 09:57:11'),
	(258, '211220076', 'Implementasi Algoritma Genetika Untuk Penjadwalan Shift Perawat Di Rumah Sakit Bhayangkara Pontianak', 'Lulus', '2024-11-08', NULL, 1, 5, 3, 1, 2, '2025-09-17 14:59:06', '2025-10-01 03:33:16'),
	(259, '191220064', 'Klasifikasi Penyakit Hiperetensi Menggunakan Metode Decision Tree C4.5', 'Lulus', '2024-11-08', NULL, 1, 2, 6, 3, 5, '2025-09-17 14:59:06', '2025-10-01 03:23:30'),
	(260, '201220012', 'Klasifikasi Tingkat Anxiety Berdasarkan Data Gangguan Kecemasan Umum Menggunakan Metode Xgboost', 'Lulus', '2024-12-02', NULL, 1, 3, 2, 1, 5, '2025-09-17 14:59:06', '2025-10-01 03:25:03'),
	(261, '201220068', 'Implementasi Data Mining Untuk Klasifikasi Penyakit Stroke Menggunakan Algoritma K-Nearest Neighbor', 'Lulus', NULL, NULL, 1, 4, 6, 2, 5, '2025-09-17 14:59:06', '2025-10-01 03:30:49'),
	(262, '201220017', 'Klasifikasi Penyakit Kanker Paru-Paru Menggunakan Metode Decision Tree C4.5', 'Lulus', NULL, NULL, 1, 1, 2, 4, 3, '2025-09-17 14:59:06', '2025-10-01 03:25:15'),
	(263, '201220063', 'Klasifikasi Status Gizi Balita Menggunakan Algoritma Random Forest', 'Lulus', '2025-10-06', '2025-12-10', 1, 3, 6, 1, 2, '2025-09-17 14:59:06', '2025-12-01 03:28:28'),
	(264, '201220011', 'Implementasi Metode Maut Pada Sistem Pendukung Keputusan Dalam Penentuan Kelas Siswa', 'Lulus', NULL, NULL, 1, 4, 2, 3, 5, '2025-09-17 14:59:06', '2025-10-01 03:24:58'),
	(265, '181220048', 'Implementasi Algoritma K-Means Clustering Untuk Segmentasi Pelanggan', 'Lulus', '2024-12-09', NULL, 1, 6, 5, 4, 2, '2025-09-17 14:59:06', '2025-10-01 03:02:45'),
	(266, '181220028', 'Klasterisasi Penduduk Kurang Mampu Menggunakan Metode K-Means', 'Lulus', NULL, NULL, 1, 3, 2, 6, 1, '2025-09-17 14:59:06', '2025-10-01 03:01:24'),
	(267, '211220084', 'Analisis Perbandingan Teknik Equivalence Class Partitioning Dan State Transition Testing Pada Pengujian Kualitas Aplikasi Reservasipolnep', 'Lulus', NULL, NULL, 1, 4, 6, 2, 3, '2025-09-17 14:59:06', '2025-10-01 03:33:04'),
	(268, '201220072', 'Prediksi Kualitas Udara Kota Pontianak Menggunakan Algoritma K-Nearest Neighbor (Knn)', 'Lulus', '2025-01-24', NULL, 1, 3, 4, NULL, 2, '2025-09-17 14:59:06', '2025-10-01 03:30:56'),
	(269, '222220124', 'Prediksi Hasil Produksi Padi Menggunakan Metode Multi Layer Perceptron', 'Lulus', NULL, NULL, 1, 5, NULL, 3, 6, '2025-09-17 14:59:06', '2025-10-01 03:31:37'),
	(270, '211220028', 'Penerapan Jaringan Syaraf Tiruan Backpropagation Dalam Pengenalan Huruf Hijaiyah', 'Data Tidak Lengkap', NULL, NULL, 1, 3, 4, 2, NULL, '2025-09-17 14:59:06', '2025-09-17 14:59:06'),
	(271, '211220086', 'Diagnosa Organisme Pengganggu Tumbuhan Pada Jagung Menggunakan Dempster Shafer Tanaman Pangan Dan Hortikultura Kalimatan Barat', 'Lulus', NULL, NULL, 1, NULL, 5, 1, 4, '2025-09-17 14:59:06', '2025-10-01 03:33:00'),
	(272, '211220079', 'Pencarian Data Penduduk Menggunakan Vector Space Model Dengan Pembobotan Tf-Idf Dan Fuzzy Matching', 'Lulus', NULL, NULL, 1, 4, 2, 5, 6, '2025-09-17 14:59:06', '2025-10-01 03:33:11'),
	(273, '201220109', 'Klasifikasi Jenis Penipuan Online Menggunakan Algoritma C 4.5 Di Wilayah Kalimantan Barat', 'Lulus', NULL, NULL, 1, 2, 6, 3, 4, '2025-09-17 14:59:06', '2025-10-01 03:36:00'),
	(274, '201220085', 'Klasifikasi Stunting Pada Anak Menggunakan Metode Random Forest', 'Lulus', NULL, NULL, 1, NULL, 5, 3, 1, '2025-09-17 14:59:06', '2025-10-01 03:31:18'),
	(275, '201220052', 'Fine-Tuning Model Indobert Untuk Sistem Tanya Jawab Dalam Pemilihan Mata Kuliah Pilihan Di Program Studi Teknik Informatika Universitas Muhammadiyah Pontianak', 'Data Tidak Lengkap', '2025-02-03', NULL, 1, 4, 2, NULL, 5, '2025-09-17 14:59:06', '2025-09-17 14:59:06'),
	(276, '201220070', 'Klasifikasi Penyakit Diabetes Melitus Tipe 2 Menggunakan Metode Random Forest', 'Data Tidak Lengkap', NULL, NULL, 1, NULL, 5, 2, 1, '2025-09-17 14:59:06', '2025-09-17 14:59:06'),
	(277, '201220025', 'Penetration Testing Sistem Pada Informasi Manajemen Akademik Teknik Informatika Menggunakan Vulnerable And Outdated Components', 'Lulus', NULL, NULL, 1, 1, 2, 3, 4, '2025-09-17 14:59:06', '2025-10-01 03:25:51'),
	(278, '201220087', 'implementasi Sistem Temu Kembali Informasi Pencarian Alat Klimatologi Menggunakan Metode Jaccard Similarity Dan Algoritma Pembobotan Tf-Idf', 'Lulus', NULL, NULL, 1, 4, 5, NULL, 3, '2025-09-17 14:59:06', '2025-10-01 03:31:23'),
	(279, '201220092', 'Optimasi Pemeliharaan Tanaman Buah Naga Berbasis Analisis Data Suhu Dan Kelembaban Tanah Dengan Metode Decision Tree', 'Lulus', NULL, NULL, 1, NULL, 2, 3, 1, '2025-09-17 14:59:06', '2025-10-01 03:36:30'),
	(280, '181220008', 'Implementasi Sistem Pendukung Keputusan Penerimaan Karyawan Baru Berbasis Web Dengan Metode Vikor', 'Lulus', NULL, NULL, 1, 1, 2, 3, 6, '2025-09-17 14:59:06', '2025-10-01 02:58:25'),
	(281, '201220039', 'Analisis Sentimen Warung Kopi Di Pontianak Pada Ulasan Google Maps Menggunakan Metode Naïve Bayes', 'Lulus', NULL, NULL, 1, 5, NULL, 6, 3, '2025-09-17 14:59:06', '2025-10-01 03:27:54'),
	(282, '201220021', 'Sistem Informasi Geografis Notifikasi Perutean Jalan Di Kota Pontianak Terhadap Daerah Rawan Banjir Dengan Metode Kriging', 'Lulus', NULL, NULL, 1, 6, 3, 2, 4, '2025-09-17 14:59:06', '2025-10-01 03:25:35'),
	(283, '201220105', 'Meningkatkan Akurasi Deteksi Website Phising Dengan Jaringan Syaraf Tiruan Menggunakan Seleksi Korelasi', 'Data Tidak Lengkap', NULL, NULL, 1, 1, 2, NULL, 5, '2025-09-17 14:59:06', '2025-09-17 14:59:06'),
	(284, '211220108', 'Implementasi Machine Learning Untuk Klasifikasi Jenis Tanaman Berdasarkan Parameter Tanah Dan Iklim Menggunakan Naive Bayes Dan Decision Tree', 'Lulus', NULL, NULL, 1, 1, 6, 5, 4, '2025-09-17 14:59:06', '2025-10-01 03:32:28'),
	(285, '181220073', 'Klasifikasi Penyakit Ispa Menggunakan Metode Naive Bayes', 'Lulus', NULL, NULL, 1, 1, 2, 6, 3, '2025-09-17 14:59:06', '2025-10-01 03:06:37'),
	(286, '211220003', 'Pengembangan Sistem Pakar Berbasis Dempster Shafer Untuk Rekomendasi Alat Kontrasepsi Kb', 'Lulus', NULL, NULL, 1, NULL, 4, 3, 6, '2025-09-17 14:59:06', '2025-10-01 03:35:18'),
	(287, '211220030', 'Rancang Bangun Sistem Pakar Gangguan Menstruasi Palm-Coein Dengan Metode Dempster-Shafer', 'Lulus', NULL, NULL, 1, NULL, 5, 3, 1, '2025-09-17 14:59:06', '2025-10-01 03:34:39'),
	(288, '202220107', 'Prediksi Kenaikan Suku Bunga Bi Dengan Menggunakan Algoritma Klasifikasi K-Nearest Neighbor', 'Lulus', NULL, NULL, 1, 1, 2, NULL, 4, '2025-09-17 14:59:06', '2025-10-01 03:35:49'),
	(289, '211220013', 'Klasifikasi Daun Herbal Untuk Tanaman Obat Menggunakan Metode Convolutional Neural Network (Cnn)', 'Lulus', '2025-03-03', NULL, 1, 2, 1, 3, 4, '2025-09-17 14:59:06', '2025-10-01 03:34:51'),
	(290, '211220022', 'Identifikasi Ikan Konsumsi Busuk Dan Segar Berbasis Pengolahan Citra Digital Berdasarkan Fitur Warna Menggunakan Metode K-Nearest Neighbors (K-Nn)', 'Lulus', NULL, NULL, 1, 5, 3, 1, 2, '2025-09-17 14:59:06', '2025-10-01 03:34:25'),
	(291, '211220051', 'Optimasi Rute Pengambilan Bantuan Sosial Lazismu Menggunakan Algoritma Genetika Travelling Salesman Problem', 'Data Tidak Lengkap', NULL, NULL, 1, 6, 1, 4, 3, '2025-09-17 14:59:06', '2025-09-17 14:59:06'),
	(292, '201220061', 'Optimasi Sistem Temu Kembali Informasi Pencarian Pasal Kuhp Menggunakan Metode Vector Space Model', 'Data Tidak Lengkap', NULL, NULL, 1, 4, 2, 1, 6, '2025-09-17 14:59:06', '2025-09-17 14:59:06'),
	(293, '191220020', 'Penerapan Metode Simple Queue Pada Management Bandwidth Di Pt . Pamane Borneo Khatulistiwa', 'Lulus', NULL, NULL, 1, 1, 2, 4, 3, '2025-09-17 14:59:06', '2025-10-01 03:16:39'),
	(294, '211220020', 'Penentuan Prioritas Penanganan Jalan Di Kabupaten Landak Menggunakan Metode Ahp Dan Saw', 'Lulus', NULL, NULL, 1, 4, NULL, 3, 1, '2025-09-17 14:59:06', '2025-10-01 03:34:33'),
	(295, '181220068', 'Analisis Sentimen Review Toner Eksfoliasi Populer Pada Sociolla Menggunakan Algoritma Naive Bayes Classifier', 'Lulus', NULL, NULL, 1, 1, 2, 3, 6, '2025-09-17 14:59:06', '2025-10-01 03:05:27'),
	(296, '201220005', 'Perbandingan Metode Random Forest Dan Gradient Boosting Untuk Prediksi Hasil Panen Kelapa Sawit Di Pt Lab', 'Data Tidak Lengkap', '2025-03-10', NULL, 1, 4, 1, 2, 6, '2025-09-17 14:59:06', '2025-09-17 14:59:06'),
	(297, '211220033', 'Komparasi Algoritma Random Forest Dan Xgboost Dalam Klasifikasi Penipuan Kartu Kredit', 'Lulus', NULL, NULL, 1, 1, NULL, 6, 4, '2025-09-17 14:59:06', '2025-10-01 03:34:19'),
	(298, '211220107', 'Prediksi Harga Mobil Bekas Menggunakan Algoritma Support Vector Regression', 'Lulus', NULL, NULL, 1, NULL, 4, 5, 1, '2025-09-17 14:59:06', '2025-10-01 03:32:33'),
	(299, '211220002', 'Klasifikasi Penyakit Daun Tanaman Timun Berbasis Convolutional Neural Network (Cnn)', 'Lulus', NULL, NULL, 1, 5, 1, 3, 2, '2025-09-17 14:59:06', '2025-10-01 03:35:24'),
	(300, '211220061', 'Identifikasi Penyakit Daun Cabai Menggunakan Arsitektur Densenet169', 'Data Tidak Lengkap', NULL, NULL, 1, 3, 5, NULL, 1, '2025-09-17 14:59:06', '2025-09-17 14:59:06'),
	(301, '211220019', 'Prediksi Penyakit Diabetes Mellitus Menggunakan Metode Case Based Reasoning', 'Lulus', NULL, NULL, 1, 5, NULL, 6, 2, '2025-09-17 14:59:06', '2025-10-01 03:34:45'),
	(302, '211220007', 'Perbandingan Algoritma Supervised Learning Untuk Memprediksi Produksi Hasil Panen', 'Lulus', '2025-03-14', NULL, 1, 1, NULL, 2, 5, '2025-09-17 14:59:06', '2025-10-01 03:35:09'),
	(303, '211220032', 'Penerapan Machine Learning Menggunakan Algoritma Gradient Boosting Dalam Klasifikasi Prakiraan Cuaca', 'Data Tidak Lengkap', NULL, NULL, 1, NULL, 3, 4, 6, '2025-09-17 14:59:06', '2025-09-17 14:59:06'),
	(304, '211220009', 'Implementasi Ant Colony Optimization Untuk Optimisasi Rute Terpendek Pada Pengiriman Barang J&T Kubu Raya', 'Lulus', '2025-04-28', NULL, 1, 5, 3, NULL, 1, '2025-09-17 14:59:06', '2025-10-01 03:34:57'),
	(305, '211220037', 'Perbandingan Metode Extreme Gradient Boosting (Xgboost) Dan Random Forest Untuk Identifikasi Penyakit Alzheimer', 'Lulus', NULL, NULL, 1, 3, 6, 5, NULL, '2025-09-17 14:59:06', '2025-10-01 03:34:13'),
	(306, '201220095', 'Prediksi Kelulusan Mahasiswa Di Universitas Muhammadiyah Pontianak Menggunakan Metode Logistic Regression Biner', 'Data Tidak Lengkap', NULL, NULL, 1, 2, 1, 3, 2, '2025-09-17 14:59:06', '2025-09-17 14:59:06'),
	(307, '191220018', 'Sistem Pakar Diagnosa Penyakit Kelapa Sawit Menggunakan Metode Certainty Factor', 'Lulus', NULL, NULL, 1, NULL, 4, 5, 3, '2025-09-17 14:59:06', '2025-10-01 03:11:54'),
	(308, '211220103', 'Klasifikasi Status Infeksi Demam Berdarah Menggunakan Metode Random Forest Berdasarkan Data Hasil Pemeriksaan Darah', 'Lulus', '2025-05-19', NULL, 1, 2, 5, 1, 4, '2025-09-17 14:59:06', '2025-10-01 03:32:36'),
	(309, '211220046', 'Sistem Informasi Geografis Berbasis Web Untuk Pemetaan Penerima Bpjs Dengan Algoritma Dijkstra', 'Data Tidak Lengkap', NULL, NULL, 1, 6, 1, 2, 3, '2025-09-17 14:59:06', '2025-09-17 14:59:06'),
	(310, '211220042', 'Penerapan Metode Forward Chaining Dan Teorema Bayes Untuk Identifikasi Diagnosa Penyakit Pada Kucing', 'Lulus', NULL, NULL, 1, 2, 4, NULL, 1, '2025-09-17 14:59:06', '2025-10-01 03:34:08'),
	(311, '211220001', 'Sistem Pakar Diagnosis Gerd Dengan Metode Fuzzy Mamdani Untuk Deteksi Gejala Awal', 'Lulus', NULL, NULL, 1, 3, NULL, 4, 1, '2025-09-17 14:59:06', '2025-10-01 03:35:29'),
	(312, '211002256', 'Jaringan Syaraf Tiruan Prediksi Pertumbuhan Penduduk Di Kota Pontianak Metode Backpropagation', 'Lulus', NULL, NULL, 1, 3, 5, 2, 1, '2025-09-17 14:59:06', '2025-10-01 03:35:33'),
	(313, '201220067', 'Prediksi Donasi Di Lazismu Kota Pontianak Menggunakan Metode Regresi Linier Berganda', 'Lulus', '2025-06-12', NULL, 1, 4, 2, 5, 3, '2025-09-17 14:59:06', '2025-10-01 03:30:43'),
	(314, '211220050', 'Rekomendasi Penentuan Prioritas Mustahik Pada Laizizmu Kalimantan Barat Menggunakan Metode Ahp Dan Topsis', 'Lulus', NULL, NULL, 1, 5, NULL, 4, 1, '2025-09-17 14:59:06', '2025-10-01 03:33:58'),
	(315, '211220052', 'Deteksi Dini Status Gizi Pada Balita Menggunakan Metode Long Short-Term Memory', 'Lulus', NULL, NULL, 1, 3, 6, NULL, 2, '2025-09-17 14:59:06', '2025-10-01 03:33:33'),
	(316, '211220038', 'Identifikasi Jaringan Saraf Tiruan Backpropagation Dan Random Forest Untuk Keaslian Tanda Tangan', 'Lulus', NULL, NULL, 1, 3, 1, 6, NULL, '2025-09-17 14:59:06', '2025-10-01 03:34:03'),
	(317, '211220045', 'Perbandingan Metode Cnn Dan Knn Untuk Menentukan Tingkat Kematangan Buah Kelapa Sawit', 'Lulus', NULL, NULL, 1, 1, 2, 3, 6, '2025-09-17 14:59:06', '2025-10-01 03:33:41'),
	(318, '211220041', 'Prediksi Jumlah Kasus Penyakit Demam Berdarah Dengue Menggunakan Metode Long Short-Term Memory', 'Lulus', NULL, NULL, 1, 2, 4, 1, 3, '2025-09-17 14:59:06', '2025-10-01 03:33:46'),
	(319, '201220082', 'Implementasi Metode Case Based-Reasoning Dalam Sistem Pakar Untuk Pra-Diagnosis Gangguan Kecemasan (Ansietas)', 'Data Tidak Lengkap', NULL, NULL, 1, NULL, 5, 4, 6, '2025-09-17 14:59:06', '2025-09-17 14:59:06'),
	(320, '211220040', 'Implementasi Logika Fuzzy Mamdani Untuk Rekomendasi Total Kalori Harian Bagi Penderita Diabetes Tipe 2', 'Lulus', '2025-10-27', '2025-12-29', 1, 5, 3, 2, 1, '2025-09-17 14:59:06', '2025-12-01 03:28:56'),
	(321, '211220054', 'Sistem Informasi Geografis Pemetaan Penyebaran Kasus Penyalahgunaan Narkoba Berbasis Website', 'Data Tidak Lengkap', '2025-06-18', NULL, 1, 6, 4, 6, 5, '2025-09-17 14:59:06', '2025-09-17 14:59:06'),
	(322, '211220077', 'Sistem Informasi Geografis Berbasis Web Untuk Pemetaan Dan Pengukuran Luas Lahan Aset Desa Paloan Dengan Metode Shoelace Formula', 'Data Tidak Lengkap', '2025-11-21', '2025-11-28', 1, 1, 6, 5, 4, '2025-09-17 14:59:06', '2025-11-21 06:32:42'),
	(323, '211220096', 'Penerapan Algoritma Cosine Similarity Dan Tf-Idf Untuk Pencarian Dan Pengelompokan Arsip Dokumen Di Kantor Desa Kelakar', 'Data Tidak Lengkap', NULL, NULL, 1, 8, 2, 1, 5, '2025-09-17 14:59:06', '2025-12-24 04:30:58'),
	(324, '211220057', 'Pemetaan Kerawananpenyakit Demam Berdarah Dungue (Dbd) Di Kota Pontianak Mengunakan Teknik Choropleth Map Dan Point Mapping', 'Lulus', '2025-06-30', NULL, 1, 6, 3, 2, 4, '2025-09-17 14:59:06', '2025-10-01 03:33:25'),
	(325, '212220105', 'Prediksi Risiko Drop Out (Do) Mahasiswa Universitas Muhammadiyah Pontianak Menggunakan Algoritma Decision Tree C4.5', 'Lulus', NULL, NULL, 1, 1, 2, 3, NULL, '2025-09-17 14:59:06', '2025-10-01 03:32:09'),
	(326, '222220030', 'Sistem Informasi Manajemen Stok Barang Berbasis Web Menggunakan Metodologi Waterfall Untuk Mendukung Operasional Komodo Herbals', 'Data Tidak Lengkap', NULL, NULL, 1, 6, 5, NULL, NULL, '2025-09-17 14:59:06', '2025-09-17 14:59:06'),
	(327, '211220080', 'Prediksi Hasil Panen Kelapa Sawit Menggunakan Metode Random Forest Regression', 'Data Tidak Lengkap', NULL, NULL, 1, 8, 2, 1, 4, '2025-09-17 14:59:06', '2025-12-29 05:57:37'),
	(328, '211220075', 'Implementasi Pencarian Dokumen Administrasi Di Kantor Camat Menggunakan Metode Bm25', 'Data Tidak Lengkap', NULL, NULL, 1, 4, 6, NULL, NULL, '2025-09-17 14:59:06', '2025-09-17 14:59:06'),
	(329, '191220072', 'Klasifikasi Status Stunting Pada Balita Menggunakan Algoritma Naive Bayes Classifier', 'Data Tidak Lengkap', NULL, NULL, 1, 1, 3, NULL, NULL, '2025-09-17 14:59:06', '2025-09-17 14:59:06'),
	(330, '211220090', 'Implementasi Information Retrieval Berbasis Vector Space Model Pada Sistem Pencarian Dokumen LMS MyAirnav', 'Data Tidak Lengkap', NULL, NULL, 1, 2, 5, 3, 6, '2025-09-17 14:59:06', '2025-12-29 05:46:41'),
	(331, '211220083', 'Visualisasi Lahan Dan Bangunan Dengan Peta 3D Di Sistem Informasi Geografis', 'Data Tidak Lengkap', NULL, NULL, 1, 6, 2, 3, 4, '2025-09-17 14:59:06', '2025-12-15 03:45:39'),
	(332, '211220074', 'Analisis Sentimen Pemberitaan Konflik Global Pada Portal Berita Online Indonesia Menggunakan Metode Naive Bayes', 'Data Tidak Lengkap', NULL, NULL, 1, 3, 1, NULL, NULL, '2025-09-17 14:59:06', '2025-09-17 14:59:06'),
	(333, '211220048', 'Sistem Informasi Geografis Untuk Klasifikasi Perkembangan Anak Usia Dini Di Desa Sungai Raya Menggunakan Algoritma Decision Tree', 'Data Tidak Lengkap', NULL, NULL, 1, 6, 4, NULL, NULL, '2025-09-17 14:59:06', '2025-09-17 14:59:06'),
	(334, '211220014', 'Perancangan Sistem Point Of Sale Berbasis Prototype Untuk Pengelolaan Penjualan Dan Stok Barang Toko Armanda', 'Data Tidak Lengkap', NULL, NULL, 1, 2, 3, 1, 4, '2025-09-17 14:59:06', '2025-12-15 03:44:58'),
	(335, '211220109', 'Analisis Kinerja Auto Configuration Server (Acs) Berbasis Genieacs Untuk Manajemen Perangkat Tr-069', 'Data Tidak Lengkap', NULL, NULL, 1, 1, 2, NULL, NULL, '2025-09-17 14:59:06', '2025-09-17 14:59:06'),
	(336, '201220053', 'Prediksi Kecelakaan Kerja Di Industri Menggunakan Jaringan Syaraf Tiruan Backpropagation Kalimantan Barat', 'Data Tidak Lengkap', NULL, NULL, 1, 5, 3, NULL, NULL, '2025-09-17 14:59:06', '2025-09-17 14:59:06'),
	(337, '211220053', 'Komparasi Algoritma Adaboost Dan Xgboost Untuk Klasifikasi Penyakit Diabetes Mellitus', 'Data Tidak Lengkap', NULL, NULL, 1, NULL, 3, NULL, NULL, '2025-09-17 14:59:06', '2025-09-17 14:59:06'),
	(338, '211220036', 'Klasifikasi Air Layak Minum Menggunakan Algoritma Decision Tree Dengan Parameter Tds Dan Ph', 'Data Tidak Lengkap', NULL, NULL, 1, 4, 1, NULL, NULL, '2025-09-17 14:59:06', '2025-09-17 14:59:06'),
	(339, '211220021', 'Penerapan Convolutional Neural Network Untuk Klasifikasi Jenis Penyakit Pada Buah Jambu Biji', 'Data Tidak Lengkap', NULL, NULL, 1, 3, 5, 2, 6, '2025-09-17 14:59:06', '2025-12-16 07:48:30'),
	(340, '211220111', 'Perbandingan Metode Cosine Similarity Dan Jaccard Similarity Pada Sistem Temu Kembali Informasi Pencarian Arsip Dokumen', 'Data Tidak Lengkap', NULL, NULL, 1, 2, 8, 3, 6, '2025-09-17 14:59:06', '2025-12-29 05:57:14'),
	(341, '201220003', 'Analisis Sentimen Ulasan Pengguna Aplikasi Mobile Banking Bank Kalbar Menggunakan Algoritma Naïve Bayes', 'Belum Lulus', NULL, NULL, 1, 5, 2, NULL, NULL, '2025-09-17 14:59:06', '2025-10-04 09:57:59'),
	(344, '191220089', 'Analisis Algoritma K-Means Clustering Pada Penyakit Menular Manusia Di Provinsi Kalimantan Barat', 'Belum Lulus', NULL, NULL, 1, 3, 8, 6, 2, '2025-09-26 08:03:10', '2025-10-16 10:22:37'),
	(345, '211220112', 'Optimalisasi Proses Pengiriman Surat Dikpu Melalui Pengembangan Sistem Digital Berbasis Website Dengan Metode Research And Development', 'Belum Lulus', NULL, NULL, 1, 6, 3, 2, 5, '2025-09-26 08:03:38', '2025-12-10 01:42:29'),
	(346, '222220108', 'Analisis Simple Pcq (Per Connection Queue) Pada Topologi Start Jaringan Wlan Dan Lan Ruang Kuliah Gedung Terpadu Polnep', 'Belum Lulus', NULL, NULL, 1, 2, 3, 6, 4, '2025-09-26 08:03:56', '2025-10-01 09:15:16'),
	(347, '191220075', 'Perbandingan Kinerja Algoritma Naïve Bayes Dan K-Nearest Neighbor Dalam Analisis Sentimen Review Coffee Shop', 'Belum Lulus', NULL, NULL, 1, 3, 2, NULL, NULL, '2025-09-26 08:04:15', '2025-09-30 07:15:20'),
	(349, '211220043', 'Penerapan Logika Fuzzy Sugeno Dalam Prediksi Prestasi Siswa Menggunakan Nilai Rata-Rata Rapor Siswa (Studi Kasus Di Sma Negeri 1 Toho)', 'Belum Lulus', NULL, NULL, 1, 5, 4, NULL, NULL, '2025-09-26 08:04:54', '2025-09-30 07:17:15'),
	(350, '201220093', 'Penerapan Data Mining Dengan Algoritma Random Forest Untuk Klasifikasi Infeksi Saluran Kemih Berdasarkan Hasil Uji Urine', 'Belum Lulus', NULL, NULL, 1, 6, 8, NULL, NULL, '2025-09-26 08:05:09', '2025-09-30 07:17:35'),
	(351, '192200070', 'Implementasi Metode K-Means Clustering Dalam Pengelompokan Tingkat Penjualan Untuk Pengelolaan Stok Pada Hope Coffee', 'Belum Lulus', NULL, NULL, 1, 4, 2, 3, 5, '2025-09-26 08:05:26', '2025-12-29 05:45:05'),
	(352, '201220003', 'Analisis Sentimen Ulasan Pengguna Aplikasi Mobile Banking Bank Kalbar Menggunakan Algoritma Naïve Bayes', 'Belum Lulus', NULL, NULL, 1, 5, 2, NULL, NULL, '2025-09-26 08:05:57', '2025-10-04 09:57:59'),
	(353, '201220054', 'Klasifikasi Jenis Dan Tingkat Keparahan Penyakit Anemia Menggunakan Logika Fuzzy Mamdani', 'Belum Lulus', NULL, NULL, 1, 8, 5, 2, 3, '2025-09-26 12:11:24', '2025-10-01 09:17:16'),
	(356, '211220100', 'Klasifikasi Pola Partisipasi Pemilu Dan Identifikasi Faktor Penentunya Menggunakan Naïve Bayes Classifier Pada Kabupaten/Kota Di Provinsi Kalimantan Barat', 'Belum Lulus', NULL, NULL, 1, 6, 8, 5, 3, '2025-09-30 03:47:08', '2025-12-29 05:53:40'),
	(358, '191220026', 'Sistem Pendukung Keputusan Cerdas Penentuan Penerima Blt-Dd Menggunakan Hybrid Fuzzy–Saw Di Desa Sungai Duri Ii', 'Belum Lulus', NULL, NULL, 1, 3, 2, 1, 8, '2025-09-30 03:47:50', '2025-10-16 10:24:06'),
	(359, '191220032', 'Studi Literatur Penerapan Internet Of Things (Iot) Untuk Monitoring Pertanian Di Kecamatan Serawai', 'Belum Lulus', NULL, NULL, 1, 2, 1, NULL, NULL, '2025-09-30 03:48:18', '2025-09-30 07:03:39'),
	(361, '191220066', 'Penerapan Metode K-Means Clustering Pada Data Produksi Padi Di Kalimantan Barat Guna Mendukung Strategi Ketahanan Pangan Daerah', 'Belum Lulus', NULL, NULL, 1, 6, 8, 2, 3, '2025-09-30 03:48:58', '2025-10-16 10:21:41'),
	(362, '191220037', 'Perbandingan Metode Regresi Linear Dan Support Vector Regression Untuk Prediksi Harga Mobil Bekas', 'Belum Lulus', NULL, NULL, 1, 2, 3, 1, 4, '2025-09-30 03:49:13', '2025-12-29 05:53:59'),
	(363, '191220077', 'Optimalisasi Proses Seleksi Vendor Melalui Sistem Pendukung Keputusan Dengan Pendekatan Hybrid Ahp-Saw', 'Belum Lulus', NULL, NULL, 1, 3, 4, NULL, NULL, '2025-09-30 03:49:28', '2025-09-30 07:10:20'),
	(364, '232220009', 'Implementasi Vlan Pada Min 3 Pontianak', 'Belum Lulus', NULL, NULL, 1, 2, 6, 1, 3, '2025-09-30 03:49:43', '2025-12-15 03:43:54'),
	(366, '191220074', 'Perancangan Sistem Pengelolaan Barang Berbasis Web Dengan Teknologi Barcode Scanner Pada Gudang Dairy Frozen Di Hypermart Pontianak', 'Belum Lulus', NULL, NULL, 1, 2, 3, 4, 1, '2025-09-30 03:50:13', '2025-10-16 10:23:48'),
	(368, '222220109', 'Analisis Faktor Sosio-Ekonomi Paling Berpengaruh Dalam Penentuan Ukt Menggunakan Feature Importance Dari Algoritma Random Forest', 'Lulus', '2025-10-06', '2025-10-10', 1, 2, 5, 6, 3, '2025-09-30 03:53:43', '2025-12-01 03:29:52'),
	(369, '191220003', 'Perbandingan Metode Random Forest Dan Regresi Linier Untuk Memprediksi Gaji Kandidat Karyawan', 'Belum Lulus', NULL, NULL, 1, 2, 3, 6, 1, '2025-09-30 03:56:06', '2025-12-29 05:44:08'),
	(370, '191220046', 'Klasifikasi Kualitas Air Sungai Kapuas Di Kota Pontianak Menggunakan Metode Decision Tree C 4.5', 'Belum Lulus', NULL, NULL, 1, 2, 1, 4, 5, '2025-09-30 07:04:24', '2025-12-29 05:47:24'),
	(372, '191220087', 'Sistem Pendukung Keputusan Penentuan Prioritas Penanganan Siswa Bermasalah Menggunakan Metode Simple Additive Weighting Dan Analytical Hierarchy Process Studi Kasus : Smp Negeri 1 Sungai Kakap', 'Belum Lulus', NULL, NULL, 1, 2, 4, NULL, NULL, '2025-09-30 07:11:59', '2025-09-30 07:11:59'),
	(373, '191220081', 'Klasifikasi Kualitas Udara Di Kota Pontianak Menggunakan Xgboost', 'Belum Lulus', NULL, NULL, 1, 2, 5, NULL, NULL, '2025-09-30 07:16:47', '2025-09-30 07:16:47'),
	(374, '191220034', 'Klasifikasi Citra Tanaman Merambat Liar Berkhasiat Obat Menggunakan Convolutional Neural Network', 'Belum Lulus', NULL, NULL, 1, 3, 2, 4, 5, '2025-10-09 06:22:36', '2025-10-16 10:22:51'),
	(375, '201220104', 'Identifikasi Penakit Tiroid Berbasis Web Menggunakan Algoritma Random Forest', 'Belum Lulus', NULL, NULL, 1, 1, 5, NULL, NULL, '2025-10-09 06:25:04', '2025-10-09 06:25:04'),
	(376, '211220089', 'Penerapan Algoritma Random Forest Untuk Rekomendasi Penerima Bantuan Pertanian Berdasarkan Data CPCL Padi Rawa Kabupaten Kubu Raya Tahun 2024', 'Belum Lulus', NULL, NULL, 1, 3, 1, 6, 2, '2025-10-09 06:25:37', '2025-12-29 05:49:50'),
	(378, '211220005', 'Perancangan Aplikasi Penjadwalan Mata Pelajaran Sma N 1 Hulu Gurung Menggunakan Algoritma Genetika Dan Pencarian Cepat', 'Belum Lulus', NULL, NULL, 1, 5, 2, NULL, NULL, '2025-10-14 09:16:12', '2025-10-16 10:18:21'),
	(380, '211220102', 'Klasifikasi Kinerja Vendor Dalam Penyediaan Barang Konsinyasi Menggunakan Algoritma Random Forest', 'Belum Lulus', NULL, NULL, 1, 3, 6, 5, 2, '2025-10-14 09:18:02', '2025-12-29 05:56:04'),
	(381, '211220117', 'Klasifikasi Tingkat Produktivitas Padi Dengan Algoritma Decision Tree Berdasarkan Data Bantuan Pemerintah Dan Luas Lahan', 'Belum Lulus', NULL, NULL, 1, 6, 4, 2, 1, '2025-10-14 09:18:32', '2025-12-29 05:50:20'),
	(382, '211220029', 'Prediksi Arah Angin Di Wilayah Pontianak Berbasis Time-Series Menggunakan PatchTST Dan Representasi Komponen U Dan V', 'Belum Lulus', NULL, NULL, 1, 2, 6, 5, 1, '2025-10-14 09:19:08', '2025-12-29 05:56:52'),
	(383, '211220011', 'Deteksi Berita Hoax Pada Media Berita Indonesia Menggunakan Metode Naive Bayes', 'Belum Lulus', NULL, NULL, 1, 1, 4, 2, 5, '2025-10-17 01:50:00', '2025-12-29 05:52:43'),
	(384, '211220025', 'Penerapan Teknik Stacking Ensemble Learning Untuk Klasifikasi Penyakit Infeksi Saluran Kemih Berdasarkan Hasil Urinalisis', 'Belum Lulus', NULL, NULL, 1, 2, 3, 5, 6, '2025-10-17 01:51:12', '2025-12-15 03:45:13'),
	(385, '211220060', 'Sistem Pendukung Keputusan Prioritas Perbaikan Jalan Menggunakan Metode Fuzzy Logic Pada Dinas Pekerjaan Umum Kabupaten Sintang', 'Belum Lulus', NULL, NULL, 1, 2, 3, NULL, NULL, '2025-10-29 01:49:52', '2025-12-01 06:25:41'),
	(386, '211220023', 'Klasifikasi Penyakit Hipertensi Menggunakan Metode Fuzzy K-Nearest Neighbors', 'Belum Lulus', NULL, NULL, 1, 5, 4, NULL, NULL, '2025-10-29 01:50:08', '2025-12-01 06:26:05'),
	(388, '191220062', 'Sistem Pendukung Keputusan Cerdas Penentuan Penerima Beasiswa Bagi Mahasiswa Berprestasi Menggunakan Metode Fuzzy Logic', 'Belum Lulus', NULL, NULL, 1, 1, 6, NULL, NULL, '2025-10-29 01:50:39', '2025-12-01 06:27:02'),
	(389, '191220076', 'Penerapan Metode Random Forest Untuk Memprediksi Keterlambatan Keberangkatan Travel Mobil Pada Pt. Daya Multitrans Pratama', 'Belum Lulus', NULL, NULL, 1, 1, 3, NULL, NULL, '2025-10-29 01:50:54', '2025-12-01 06:27:23'),
	(390, '211220070', 'Penerapan Model Prophet Untuk Memprediksi Pola Tren Pencarian Kata Kunci Pada Platform Microstock', 'Belum Lulus', NULL, NULL, 1, 2, 8, NULL, NULL, '2025-10-29 01:51:08', '2025-12-01 06:27:43'),
	(392, '211220031', 'Perbandingan Kinerja Algoritma Knn Dan Svm Dalam Klasifikasi Sentimen Media Sosial Terhadap Isu \'17 + 8 Tuntutan Rakyat\' (Positif Vs Negatif)', 'Belum Lulus', NULL, NULL, 1, 1, 5, NULL, NULL, '2025-11-19 04:28:57', '2025-11-21 01:28:46'),
	(393, '211220071', 'Implementasi Algoritma Bm25 Dan Fuzzy Matching Dalam Sistem Pencarian Arsip Surat Pada Pengadilan Tinggi Pontianak', 'Belum Lulus', NULL, NULL, 1, 3, 2, NULL, NULL, '2025-11-19 04:29:14', '2025-11-21 01:29:50'),
	(394, '211220065', 'Pengembangan Sistem Informasi Pencatatan Berkas Putusan Berbasis Web Dengan Penerapan Algoritma Fuzzy Search (Levenshtein Distance) Untuk Pencarian Data', 'Belum Lulus', NULL, NULL, 1, 1, 6, NULL, NULL, '2025-11-19 04:29:30', '2025-11-21 01:30:29'),
	(395, '221220078', 'Prediksi Kesesuaian Waktu Tanam Padi Di Kubu Raya Menggunakan Metode Sarima Dan Mfep', 'Belum Lulus', NULL, NULL, 1, 4, 2, NULL, NULL, '2025-11-19 04:29:49', '2025-11-21 01:29:10'),
	(396, '211220063', 'Pengenalan Jenis Sampah Organik Dan Non Organik Menggunakan Metode Yolov11 Secara Realtime Berbasis Android', 'Belum Lulus', NULL, NULL, 1, 5, 2, NULL, NULL, '2025-11-19 04:30:04', '2025-11-21 01:27:35'),
	(397, '211220018', 'Analisis Perbandingan Pola Pembelian Stok Barang Sembako Dari Agen Menggunakan Algoritma Apriori Dan Random Forest', 'Belum Lulus', NULL, NULL, 1, 1, 4, NULL, NULL, '2025-11-19 04:31:26', '2025-11-21 01:31:09'),
	(398, '211220078', 'Klasifikasi Kematangan Tandan Buah Segar (Tbs) Sawit Menggunakan Metode K-Nearest Neighbor (Knn) Berbasis Android', 'Belum Lulus', NULL, NULL, 1, 3, 6, NULL, NULL, '2025-11-21 01:38:13', '2025-11-21 01:38:13'),
	(399, '201220047', 'Klasifikasi Multi-Class Tingkat Keparahan Penyakit Jantung Menggunakan Algoritma Xgboost Berbasis Website', 'Belum Lulus', NULL, NULL, 1, 2, 5, NULL, NULL, '2025-12-01 06:27:26', '2025-12-01 06:28:13'),
	(400, '211220092', 'Rekomendasi Jenis Biota Air Pada Kualitas Tambak Menggunakan Metode Naive Bayes', 'Belum Lulus', NULL, NULL, 1, 2, 6, NULL, NULL, '2025-12-09 02:39:30', '2025-12-09 02:44:01'),
	(401, '211220081', 'Prediksi Harga Rumah Di Kalimantan Barat Menggunakan Algoritma Random Forest Regressor', 'Belum Lulus', NULL, NULL, 1, 5, 2, NULL, NULL, '2025-12-09 02:39:47', '2025-12-09 02:43:10'),
	(402, '211220115', 'Implementasi Algoritma Random Forest Untuk Prediksi Penjualan Produk Pertanian Pada Pt Harapan Tani Permai', 'Belum Lulus', NULL, NULL, 1, 1, 4, NULL, NULL, '2025-12-09 02:40:06', '2025-12-09 02:44:28'),
	(404, '211220094', 'Sistem Pakar Berbasis Fuzzy Mamdani Untuk Membantu Pengambilan Keputusan Penangan Gizi Buruk Pada Anak Balita Di Lingkungan Posyandu Balai Desa Kuala Dua', 'Belum Lulus', NULL, NULL, 1, 5, 8, 2, 3, '2025-12-24 05:27:36', '2025-12-29 05:45:27');

CREATE TABLE IF NOT EXISTS `users` (
  `id` int(11) NOT NULL AUTO_INCREMENT,
  `username` varchar(50) NOT NULL,
  `password` varchar(255) NOT NULL,
  `role` enum('admin','kaprodi','dosen') NOT NULL,
  `dosen_id` int(11) DEFAULT NULL,
  PRIMARY KEY (`id`),
  UNIQUE KEY `username` (`username`),
  KEY `dosen_id` (`dosen_id`),
  CONSTRAINT `users_ibfk_1` FOREIGN KEY (`dosen_id`) REFERENCES `dosen` (`id`) ON DELETE CASCADE ON UPDATE CASCADE
) ENGINE=InnoDB AUTO_INCREMENT=10 DEFAULT CHARSET=utf8mb4 COLLATE=utf8mb4_general_ci;

DELETE FROM `users`;
INSERT INTO `users` (`id`, `username`, `password`, `role`, `dosen_id`) VALUES
	(1, 'admin', '$2y$12$ia3Ip6BIc7QNOvtLK2ErFuWm9Z8CutpH6scFQE1nmL.5/akmvFwOa', 'admin', NULL),
	(2, 'kaprodi', '$2y$12$E5/XtoI9/xRjqcgLKZx1xusFLfKroRPaCBrdpBfJb8w0ieJl77JoG', 'kaprodi', NULL),
	(3, 'asr', '$2y$12$9StSdAKelXdm3/XekXmexeGSHi71TpfA9kmrUZVf0bdiSzFLDJGea', 'dosen', 1),
	(4, 'scp', '$2y$12$9StSdAKelXdm3/XekXmexeGSHi71TpfA9kmrUZVf0bdiSzFLDJGea', 'dosen', 2),
	(5, 'bry', '$2y$12$9StSdAKelXdm3/XekXmexeGSHi71TpfA9kmrUZVf0bdiSzFLDJGea', 'dosen', 3),
	(6, 'syf', '$2y$12$9StSdAKelXdm3/XekXmexeGSHi71TpfA9kmrUZVf0bdiSzFLDJGea', 'dosen', 4),
	(7, 'ald', '$2y$12$9StSdAKelXdm3/XekXmexeGSHi71TpfA9kmrUZVf0bdiSzFLDJGea', 'dosen', 5),
	(8, 'whd', '$2y$12$9StSdAKelXdm3/XekXmexeGSHi71TpfA9kmrUZVf0bdiSzFLDJGea', 'dosen', 6),
	(9, 'isti', '$2y$12$9StSdAKelXdm3/XekXmexeGSHi71TpfA9kmrUZVf0bdiSzFLDJGea', 'dosen', 7);

/*!40103 SET TIME_ZONE=IFNULL(@OLD_TIME_ZONE, 'system') */;
/*!40101 SET SQL_MODE=IFNULL(@OLD_SQL_MODE, '') */;
/*!40014 SET FOREIGN_KEY_CHECKS=IFNULL(@OLD_FOREIGN_KEY_CHECKS, 1) */;
/*!40101 SET CHARACTER_SET_CLIENT=@OLD_CHARACTER_SET_CLIENT */;
/*!40111 SET SQL_NOTES=IFNULL(@OLD_SQL_NOTES, 1) */;
